Order_ID,Date,Product,Category,Quantity,Unit_Cost,Unit_Price,Revenue,Cost,Profit,Profit_Margin,Customer_Type,Payment_Method
ORD1557,2026-01-01,Calculator,Office,2,180,300,600,360,240,40.0,Business,UPI
ORD0585,2026-01-01,Notebook,Paper,3,35,60,180,105,75,41.66666666666667,Individual,Cash
ORD1650,2026-01-01,Stapler,Office,2,45,75,150,90,60,40.0,Individual,Cash
ORD0683,2026-01-01,Pencil,Writing,9,4,8,72,36,36,50.0,Individual,Card
ORD0437,2026-01-01,A4 Sheets,Paper,8,180,250,2000,1440,560,28.000000000000004,Business,Cash
ORD0978,2026-01-01,Glue,School,8,15,25,200,120,80,40.0,Student,Card
ORD1216,2026-01-01,Pencil,Writing,9,4,8,72,36,36,50.0,Individual,UPI
ORD1967,2026-01-01,Eraser,School,8,3,7,56,24,32,57.14285714285714,Business,Card
ORD0233,2026-01-01,Color Pencils,School,3,45,80,240,135,105,43.75,Individual,UPI
ORD0407,2026-01-01,Highlighter,Writing,1,20,35,35,20,15,42.857142857142854,Student,UPI
ORD1603,2026-01-01,A4 Sheets,Paper,8,180,250,2000,1440,560,28.000000000000004,Individual,Cash
ORD1236,2026-01-01,Highlighter,Writing,3,20,35,105,60,45,42.857142857142854,Student,UPI
ORD1358,2026-01-02,Pencil,Writing,4,4,8,32,16,16,50.0,Individual,UPI
ORD0623,2026-01-02,Scissors,Office,7,25,45,315,175,140,44.44444444444444,Individual,Card
ORD1422,2026-01-02,Stapler,Office,6,45,75,450,270,180,40.0,Student,UPI
ORD0679,2026-01-02,Highlighter,Writing,7,20,35,245,140,105,42.857142857142854,Individual,Cash
ORD0263,2026-01-02,Calculator,Office,3,180,300,900,540,360,40.0,Individual,Cash
ORD0277,2026-01-02,Drawing Book,School,10,30,50,500,300,200,40.0,Student,UPI
ORD1827,2026-01-02,A4 Sheets,Paper,5,180,250,1250,900,350,28.000000000000004,Individual,Card
ORD1315,2026-01-02,Marker,Writing,10,20,35,350,200,150,42.857142857142854,Individual,Cash
ORD0849,2026-01-02,A4 Sheets,Paper,6,180,250,1500,1080,420,28.000000000000004,Student,Card
ORD0209,2026-01-02,Eraser,School,10,3,7,70,30,40,57.14285714285714,Student,Cash
ORD1362,2026-01-02,Drawing Book,School,9,30,50,450,270,180,40.0,Business,UPI
ORD0435,2026-01-02,Gel Pen,Writing,4,10,20,80,40,40,50.0,Business,Cash
ORD1546,2026-01-02,Drawing Book,School,9,30,50,450,270,180,40.0,Individual,UPI
ORD0368,2026-01-02,Gel Pen,Writing,5,10,20,100,50,50,50.0,Individual,UPI
ORD1137,2026-01-02,Drawing Book,School,1,30,50,50,30,20,40.0,Student,Cash
ORD1188,2026-01-03,Scissors,Office,3,25,45,135,75,60,44.44444444444444,Business,Cash
ORD0587,2026-01-03,Drawing Book,School,2,30,50,100,60,40,40.0,Individual,UPI
ORD1000,2026-01-03,Notebook,Paper,6,35,60,360,210,150,41.66666666666667,Individual,UPI
ORD0193,2026-01-03,File,Office,10,18,35,350,180,170,48.57142857142857,Student,Cash
ORD1738,2026-01-03,Glue,School,3,15,25,75,45,30,40.0,Individual,Cash
ORD0574,2026-01-03,A4 Sheets,Paper,2,180,250,500,360,140,28.000000000000004,Individual,Cash
ORD1886,2026-01-03,Ball Pen,Writing,8,5,10,80,40,40,50.0,Individual,Card
ORD1245,2026-01-03,Notebook,Paper,8,35,60,480,280,200,41.66666666666667,Individual,UPI
ORD1135,2026-01-03,Glue,School,3,15,25,75,45,30,40.0,Individual,Card
ORD1169,2026-01-03,Gel Pen,Writing,5,10,20,100,50,50,50.0,Individual,Cash
ORD1506,2026-01-03,Calculator,Office,4,180,300,1200,720,480,40.0,Student,UPI
ORD1772,2026-01-04,Calculator,Office,6,180,300,1800,1080,720,40.0,Individual,Card
ORD0708,2026-01-04,Gel Pen,Writing,10,10,20,200,100,100,50.0,Student,Cash
ORD0644,2026-01-04,Notebook,Paper,2,35,60,120,70,50,41.66666666666667,Student,Card
ORD0200,2026-01-04,Pencil,Writing,8,4,8,64,32,32,50.0,Business,Card
ORD0212,2026-01-04,Glue,School,5,15,25,125,75,50,40.0,Individual,Card
ORD1661,2026-01-05,Eraser,School,8,3,7,56,24,32,57.14285714285714,Student,Card
ORD0321,2026-01-05,Stapler,Office,9,45,75,675,405,270,40.0,Individual,Card
ORD1567,2026-01-05,File,Office,5,18,35,175,90,85,48.57142857142857,Student,Card
ORD0753,2026-01-05,A4 Sheets,Paper,5,180,250,1250,900,350,28.000000000000004,Business,Card
ORD0775,2026-01-05,Highlighter,Writing,9,20,35,315,180,135,42.857142857142854,Business,Cash
ORD0005,2026-01-05,Ball Pen,Writing,1,5,10,10,5,5,50.0,Individual,Cash
ORD0495,2026-01-06,File,Office,2,18,35,70,36,34,48.57142857142857,Student,UPI
ORD1788,2026-01-06,Stapler,Office,5,45,75,375,225,150,40.0,Student,Card
ORD0722,2026-01-06,Marker,Writing,3,20,35,105,60,45,42.857142857142854,Business,UPI
ORD0099,2026-01-07,Gel Pen,Writing,3,10,20,60,30,30,50.0,Student,Cash
ORD0657,2026-01-07,Notebook,Paper,3,35,60,180,105,75,41.66666666666667,Student,UPI
ORD0774,2026-01-07,File,Office,9,18,35,315,162,153,48.57142857142857,Business,UPI
ORD1023,2026-01-07,Notebook,Paper,1,35,60,60,35,25,41.66666666666667,Student,Card
ORD1332,2026-01-07,File,Office,6,18,35,210,108,102,48.57142857142857,Student,Cash
ORD1018,2026-01-08,Gel Pen,Writing,5,10,20,100,50,50,50.0,Individual,Card
ORD1009,2026-01-08,Ball Pen,Writing,10,5,10,100,50,50,50.0,Student,Cash
ORD0461,2026-01-08,Gel Pen,Writing,1,10,20,20,10,10,50.0,Individual,Cash
ORD1881,2026-01-08,Ball Pen,Writing,10,5,10,100,50,50,50.0,Student,Cash
ORD0360,2026-01-08,Color Pencils,School,7,45,80,560,315,245,43.75,Individual,Card
ORD1556,2026-01-08,A4 Sheets,Paper,9,180,250,2250,1620,630,28.000000000000004,Student,UPI
ORD0739,2026-01-08,Scissors,Office,6,25,45,270,150,120,44.44444444444444,Individual,Card
ORD0049,2026-01-08,Marker,Writing,2,20,35,70,40,30,42.857142857142854,Student,UPI
ORD1627,2026-01-08,Ball Pen,Writing,1,5,10,10,5,5,50.0,Student,Card
ORD0116,2026-01-08,Drawing Book,School,5,30,50,250,150,100,40.0,Student,Card
ORD1108,2026-01-09,A4 Sheets,Paper,4,180,250,1000,720,280,28.000000000000004,Individual,UPI
ORD1119,2026-01-09,Calculator,Office,6,180,300,1800,1080,720,40.0,Business,UPI
ORD0569,2026-01-09,Eraser,School,1,3,7,7,3,4,57.14285714285714,Student,Cash
ORD0678,2026-01-09,Marker,Writing,3,20,35,105,60,45,42.857142857142854,Business,Cash
ORD1724,2026-01-09,Ball Pen,Writing,2,5,10,20,10,10,50.0,Student,Card
ORD0299,2026-01-09,Calculator,Office,8,180,300,2400,1440,960,40.0,Student,Cash
ORD1033,2026-01-09,Pencil,Writing,2,4,8,16,8,8,50.0,Individual,UPI
ORD1536,2026-01-09,Color Pencils,School,4,45,80,320,180,140,43.75,Business,UPI
ORD0162,2026-01-09,Eraser,School,1,3,7,7,3,4,57.14285714285714,Business,Card
ORD0226,2026-01-09,Color Pencils,School,10,45,80,800,450,350,43.75,Business,Card
ORD1992,2026-01-09,Pencil,Writing,7,4,8,56,28,28,50.0,Individual,UPI
ORD1295,2026-01-10,Glue,School,4,15,25,100,60,40,40.0,Student,Cash
ORD1014,2026-01-10,Glue,School,1,15,25,25,15,10,40.0,Individual,UPI
ORD1841,2026-01-10,Pencil,Writing,3,4,8,24,12,12,50.0,Student,Cash
ORD0714,2026-01-10,Marker,Writing,5,20,35,175,100,75,42.857142857142854,Business,Card
ORD1614,2026-01-10,Highlighter,Writing,2,20,35,70,40,30,42.857142857142854,Student,UPI
ORD0221,2026-01-10,Eraser,School,3,3,7,21,9,12,57.14285714285714,Student,Cash
ORD1438,2026-01-10,A4 Sheets,Paper,4,180,250,1000,720,280,28.000000000000004,Individual,UPI
ORD1816,2026-01-10,Ball Pen,Writing,6,5,10,60,30,30,50.0,Individual,Cash
ORD0488,2026-01-10,Marker,Writing,4,20,35,140,80,60,42.857142857142854,Business,Cash
ORD0635,2026-01-10,A4 Sheets,Paper,2,180,250,500,360,140,28.000000000000004,Student,Cash
ORD1569,2026-01-10,A4 Sheets,Paper,7,180,250,1750,1260,490,28.000000000000004,Individual,Cash
ORD1576,2026-01-10,Scissors,Office,6,25,45,270,150,120,44.44444444444444,Business,Card
ORD1968,2026-01-10,Eraser,School,9,3,7,63,27,36,57.14285714285714,Business,UPI
ORD1564,2026-01-11,Highlighter,Writing,7,20,35,245,140,105,42.857142857142854,Student,Card
ORD1211,2026-01-11,Stapler,Office,10,45,75,750,450,300,40.0,Business,Card
ORD0980,2026-01-11,Color Pencils,School,10,45,80,800,450,350,43.75,Student,UPI
ORD1193,2026-01-11,Drawing Book,School,1,30,50,50,30,20,40.0,Student,UPI
ORD0902,2026-01-11,Marker,Writing,8,20,35,280,160,120,42.857142857142854,Student,Cash
ORD0673,2026-01-11,File,Office,4,18,35,140,72,68,48.57142857142857,Student,Cash
ORD0829,2026-01-11,Ball Pen,Writing,9,5,10,90,45,45,50.0,Business,UPI
ORD0942,2026-01-12,Drawing Book,School,1,30,50,50,30,20,40.0,Individual,UPI
ORD1534,2026-01-12,Drawing Book,School,7,30,50,350,210,140,40.0,Business,Cash
ORD0187,2026-01-12,Color Pencils,School,3,45,80,240,135,105,43.75,Business,UPI
ORD0972,2026-01-12,Scissors,Office,8,25,45,360,200,160,44.44444444444444,Student,Card
ORD1304,2026-01-13,Pencil,Writing,1,4,8,8,4,4,50.0,Business,Card
ORD0436,2026-01-13,Gel Pen,Writing,7,10,20,140,70,70,50.0,Individual,UPI
ORD0357,2026-01-13,Ball Pen,Writing,6,5,10,60,30,30,50.0,Individual,Cash
ORD0220,2026-01-13,Gel Pen,Writing,5,10,20,100,50,50,50.0,Business,Card
ORD1764,2026-01-13,Gel Pen,Writing,3,10,20,60,30,30,50.0,Student,Card
ORD1301,2026-01-14,Notebook,Paper,7,35,60,420,245,175,41.66666666666667,Individual,UPI
ORD1228,2026-01-14,Color Pencils,School,5,45,80,400,225,175,43.75,Individual,UPI
ORD0036,2026-01-14,Gel Pen,Writing,9,10,20,180,90,90,50.0,Individual,UPI
ORD1631,2026-01-14,Calculator,Office,4,180,300,1200,720,480,40.0,Business,UPI
ORD1472,2026-01-14,Notebook,Paper,9,35,60,540,315,225,41.66666666666667,Business,UPI
ORD1673,2026-01-14,Color Pencils,School,4,45,80,320,180,140,43.75,Individual,UPI
ORD0311,2026-01-14,Ball Pen,Writing,6,5,10,60,30,30,50.0,Individual,Card
ORD0359,2026-01-14,Eraser,School,7,3,7,49,21,28,57.14285714285714,Student,Cash
ORD1171,2026-01-14,Glue,School,9,15,25,225,135,90,40.0,Business,Cash
ORD1462,2026-01-14,Marker,Writing,9,20,35,315,180,135,42.857142857142854,Student,Card
ORD0330,2026-01-14,A4 Sheets,Paper,5,180,250,1250,900,350,28.000000000000004,Business,UPI
ORD0442,2026-01-15,File,Office,2,18,35,70,36,34,48.57142857142857,Student,Card
ORD0385,2026-01-15,Drawing Book,School,9,30,50,450,270,180,40.0,Student,Card
ORD0276,2026-01-15,File,Office,8,18,35,280,144,136,48.57142857142857,Individual,Card
ORD0839,2026-01-15,Stapler,Office,9,45,75,675,405,270,40.0,Individual,Cash
ORD0751,2026-01-15,Gel Pen,Writing,9,10,20,180,90,90,50.0,Business,Card
ORD0993,2026-01-16,File,Office,5,18,35,175,90,85,48.57142857142857,Student,UPI
ORD1290,2026-01-16,Drawing Book,School,9,30,50,450,270,180,40.0,Student,Cash
ORD0586,2026-01-16,Stapler,Office,8,45,75,600,360,240,40.0,Student,Cash
ORD0325,2026-01-16,Notebook,Paper,10,35,60,600,350,250,41.66666666666667,Student,Card
ORD0733,2026-01-16,A4 Sheets,Paper,5,180,250,1250,900,350,28.000000000000004,Student,Card
ORD1026,2026-01-16,Highlighter,Writing,8,20,35,280,160,120,42.857142857142854,Business,UPI
ORD0847,2026-01-17,Drawing Book,School,7,30,50,350,210,140,40.0,Student,UPI
ORD1098,2026-01-17,Stapler,Office,10,45,75,750,450,300,40.0,Business,Cash
ORD0111,2026-01-17,Highlighter,Writing,9,20,35,315,180,135,42.857142857142854,Business,Card
ORD0092,2026-01-17,Glue,School,3,15,25,75,45,30,40.0,Student,Card
ORD1518,2026-01-17,Calculator,Office,7,180,300,2100,1260,840,40.0,Individual,Card
ORD1719,2026-01-17,Drawing Book,School,4,30,50,200,120,80,40.0,Individual,Cash
ORD0377,2026-01-17,Notebook,Paper,2,35,60,120,70,50,41.66666666666667,Individual,Cash
ORD0688,2026-01-17,Ball Pen,Writing,1,5,10,10,5,5,50.0,Student,UPI
ORD0180,2026-01-17,Pencil,Writing,7,4,8,56,28,28,50.0,Business,UPI
ORD1149,2026-01-18,Scissors,Office,5,25,45,225,125,100,44.44444444444444,Individual,Cash
ORD1349,2026-01-18,Calculator,Office,3,180,300,900,540,360,40.0,Individual,Cash
ORD1059,2026-01-18,Scissors,Office,3,25,45,135,75,60,44.44444444444444,Individual,UPI
ORD0638,2026-01-18,Pencil,Writing,4,4,8,32,16,16,50.0,Individual,UPI
ORD0113,2026-01-18,Eraser,School,4,3,7,28,12,16,57.14285714285714,Individual,Card
ORD1692,2026-01-18,Gel Pen,Writing,8,10,20,160,80,80,50.0,Individual,Cash
ORD1866,2026-01-18,A4 Sheets,Paper,1,180,250,250,180,70,28.000000000000004,Business,Card
ORD1815,2026-01-18,Color Pencils,School,4,45,80,320,180,140,43.75,Individual,Cash
ORD0523,2026-01-18,Calculator,Office,2,180,300,600,360,240,40.0,Business,Card
ORD0870,2026-01-18,Glue,School,8,15,25,200,120,80,40.0,Student,UPI
ORD0953,2026-01-18,Eraser,School,6,3,7,42,18,24,57.14285714285714,Student,UPI
ORD0395,2026-01-18,Marker,Writing,9,20,35,315,180,135,42.857142857142854,Student,UPI
ORD0650,2026-01-18,File,Office,8,18,35,280,144,136,48.57142857142857,Individual,Card
ORD0347,2026-01-19,Calculator,Office,2,180,300,600,360,240,40.0,Student,Card
ORD0463,2026-01-19,Eraser,School,7,3,7,49,21,28,57.14285714285714,Business,Card
ORD0086,2026-01-19,A4 Sheets,Paper,7,180,250,1750,1260,490,28.000000000000004,Individual,UPI
ORD0776,2026-01-19,Color Pencils,School,1,45,80,80,45,35,43.75,Student,Card
ORD0669,2026-01-19,Scissors,Office,5,25,45,225,125,100,44.44444444444444,Business,UPI
ORD0179,2026-01-20,Scissors,Office,5,25,45,225,125,100,44.44444444444444,Student,Cash
ORD1969,2026-01-20,Highlighter,Writing,9,20,35,315,180,135,42.857142857142854,Business,UPI
ORD1127,2026-01-20,Gel Pen,Writing,5,10,20,100,50,50,50.0,Business,Cash
ORD0909,2026-01-21,Ball Pen,Writing,6,5,10,60,30,30,50.0,Individual,Cash
ORD0999,2026-01-21,Eraser,School,9,3,7,63,27,36,57.14285714285714,Student,Card
ORD1983,2026-01-21,Calculator,Office,5,180,300,1500,900,600,40.0,Individual,Cash
ORD1819,2026-01-21,Glue,School,10,15,25,250,150,100,40.0,Individual,Cash
ORD1898,2026-01-21,Notebook,Paper,7,35,60,420,245,175,41.66666666666667,Business,UPI
ORD0827,2026-01-21,A4 Sheets,Paper,2,180,250,500,360,140,28.000000000000004,Business,Cash
ORD1808,2026-01-21,Eraser,School,8,3,7,56,24,32,57.14285714285714,Individual,Cash
ORD0364,2026-01-21,Marker,Writing,3,20,35,105,60,45,42.857142857142854,Student,UPI
ORD0460,2026-01-22,A4 Sheets,Paper,7,180,250,1750,1260,490,28.000000000000004,Individual,Card
ORD1254,2026-01-22,Scissors,Office,9,25,45,405,225,180,44.44444444444444,Student,UPI
ORD1668,2026-01-22,Gel Pen,Writing,10,10,20,200,100,100,50.0,Individual,UPI
ORD0910,2026-01-22,Color Pencils,School,9,45,80,720,405,315,43.75,Student,Cash
ORD1117,2026-01-22,Eraser,School,8,3,7,56,24,32,57.14285714285714,Business,UPI
ORD1751,2026-01-22,Stapler,Office,4,45,75,300,180,120,40.0,Individual,Card
ORD0758,2026-01-22,Drawing Book,School,10,30,50,500,300,200,40.0,Student,Cash
ORD0109,2026-01-22,Pencil,Writing,10,4,8,80,40,40,50.0,Individual,Card
ORD0917,2026-01-22,Drawing Book,School,9,30,50,450,270,180,40.0,Individual,Card
ORD1104,2026-01-22,Scissors,Office,2,25,45,90,50,40,44.44444444444444,Business,Cash
ORD1875,2026-01-22,Color Pencils,School,2,45,80,160,90,70,43.75,Business,Card
ORD1076,2026-01-22,Pencil,Writing,1,4,8,8,4,4,50.0,Business,Card
ORD1337,2026-01-23,Eraser,School,3,3,7,21,9,12,57.14285714285714,Individual,UPI
ORD1229,2026-01-23,A4 Sheets,Paper,7,180,250,1750,1260,490,28.000000000000004,Student,Card
ORD0323,2026-01-23,Marker,Writing,7,20,35,245,140,105,42.857142857142854,Student,Card
ORD0768,2026-01-23,A4 Sheets,Paper,8,180,250,2000,1440,560,28.000000000000004,Individual,Cash
ORD1769,2026-01-24,File,Office,2,18,35,70,36,34,48.57142857142857,Individual,Card
ORD0785,2026-01-24,Stapler,Office,5,45,75,375,225,150,40.0,Individual,UPI
ORD1560,2026-01-24,Stapler,Office,8,45,75,600,360,240,40.0,Student,Cash
ORD1186,2026-01-24,Drawing Book,School,8,30,50,400,240,160,40.0,Business,Card
ORD1054,2026-01-24,Drawing Book,School,6,30,50,300,180,120,40.0,Student,Cash
ORD1469,2026-01-24,Scissors,Office,10,25,45,450,250,200,44.44444444444444,Individual,Card
ORD0738,2026-01-24,Glue,School,6,15,25,150,90,60,40.0,Individual,Card
ORD1688,2026-01-25,Drawing Book,School,4,30,50,200,120,80,40.0,Student,Cash
ORD0430,2026-01-25,Drawing Book,School,2,30,50,100,60,40,40.0,Individual,UPI
ORD0838,2026-01-25,Eraser,School,6,3,7,42,18,24,57.14285714285714,Business,UPI
ORD0476,2026-01-25,Color Pencils,School,1,45,80,80,45,35,43.75,Individual,UPI
ORD0736,2026-01-25,Notebook,Paper,3,35,60,180,105,75,41.66666666666667,Business,Card
ORD0920,2026-01-25,Stapler,Office,9,45,75,675,405,270,40.0,Business,Card
ORD1372,2026-01-25,Pencil,Writing,4,4,8,32,16,16,50.0,Business,UPI
ORD1616,2026-01-25,Eraser,School,7,3,7,49,21,28,57.14285714285714,Individual,Card
ORD0913,2026-01-25,Color Pencils,School,2,45,80,160,90,70,43.75,Student,UPI
ORD0589,2026-01-25,Color Pencils,School,7,45,80,560,315,245,43.75,Business,UPI
ORD0592,2026-01-25,Stapler,Office,1,45,75,75,45,30,40.0,Individual,Cash
ORD0762,2026-01-26,Ball Pen,Writing,9,5,10,90,45,45,50.0,Business,Card
ORD1342,2026-01-26,A4 Sheets,Paper,7,180,250,1750,1260,490,28.000000000000004,Individual,Cash
ORD1949,2026-01-26,Drawing Book,School,2,30,50,100,60,40,40.0,Student,Card
ORD1854,2026-01-26,File,Office,10,18,35,350,180,170,48.57142857142857,Student,Cash
ORD1425,2026-01-26,Marker,Writing,2,20,35,70,40,30,42.857142857142854,Student,Card
ORD0653,2026-01-26,A4 Sheets,Paper,9,180,250,2250,1620,630,28.000000000000004,Business,Card
ORD0427,2026-01-26,Drawing Book,School,1,30,50,50,30,20,40.0,Student,Card
ORD1810,2026-01-26,Ball Pen,Writing,1,5,10,10,5,5,50.0,Business,Cash
ORD0234,2026-01-27,File,Office,10,18,35,350,180,170,48.57142857142857,Business,Cash
ORD1485,2026-01-27,Pencil,Writing,3,4,8,24,12,12,50.0,Business,Cash
ORD1272,2026-01-27,Drawing Book,School,1,30,50,50,30,20,40.0,Individual,Card
ORD1652,2026-01-27,Calculator,Office,9,180,300,2700,1620,1080,40.0,Business,UPI
ORD1699,2026-01-27,A4 Sheets,Paper,4,180,250,1000,720,280,28.000000000000004,Business,UPI
ORD1975,2026-01-28,File,Office,7,18,35,245,126,119,48.57142857142857,Business,Cash
ORD0641,2026-01-28,Scissors,Office,4,25,45,180,100,80,44.44444444444444,Student,Cash
ORD1246,2026-01-28,Eraser,School,8,3,7,56,24,32,57.14285714285714,Student,Card
ORD1128,2026-01-28,Glue,School,3,15,25,75,45,30,40.0,Business,UPI
ORD1870,2026-01-28,Calculator,Office,8,180,300,2400,1440,960,40.0,Business,Cash
ORD0500,2026-01-29,Drawing Book,School,1,30,50,50,30,20,40.0,Business,Cash
ORD0450,2026-01-29,Gel Pen,Writing,7,10,20,140,70,70,50.0,Student,Card
ORD1537,2026-01-29,Pencil,Writing,7,4,8,56,28,28,50.0,Individual,Card
ORD1609,2026-01-29,A4 Sheets,Paper,2,180,250,500,360,140,28.000000000000004,Student,Cash
ORD1646,2026-01-29,Eraser,School,10,3,7,70,30,40,57.14285714285714,Individual,Card
ORD1226,2026-01-29,Calculator,Office,2,180,300,600,360,240,40.0,Business,UPI
ORD0651,2026-01-29,Scissors,Office,3,25,45,135,75,60,44.44444444444444,Business,UPI
ORD0172,2026-01-29,Glue,School,2,15,25,50,30,20,40.0,Student,Cash
ORD1083,2026-01-29,Scissors,Office,9,25,45,405,225,180,44.44444444444444,Business,UPI
ORD0926,2026-01-29,Eraser,School,2,3,7,14,6,8,57.14285714285714,Student,UPI
ORD1024,2026-01-29,Marker,Writing,6,20,35,210,120,90,42.857142857142854,Individual,UPI
ORD0929,2026-01-29,File,Office,10,18,35,350,180,170,48.57142857142857,Student,UPI
ORD1911,2026-01-29,Stapler,Office,1,45,75,75,45,30,40.0,Student,UPI
ORD1267,2026-01-30,Ball Pen,Writing,4,5,10,40,20,20,50.0,Student,Card
ORD0306,2026-01-30,Eraser,School,8,3,7,56,24,32,57.14285714285714,Student,Cash
ORD0171,2026-01-30,Ball Pen,Writing,9,5,10,90,45,45,50.0,Individual,Cash
ORD1947,2026-01-30,Highlighter,Writing,7,20,35,245,140,105,42.857142857142854,Student,UPI
ORD1718,2026-01-30,Ball Pen,Writing,3,5,10,30,15,15,50.0,Business,Card
ORD0732,2026-01-30,Pencil,Writing,1,4,8,8,4,4,50.0,Business,Card
ORD0225,2026-01-30,Ball Pen,Writing,2,5,10,20,10,10,50.0,Student,UPI
ORD1871,2026-01-31,A4 Sheets,Paper,1,180,250,250,180,70,28.000000000000004,Business,Card
ORD1392,2026-01-31,Notebook,Paper,3,35,60,180,105,75,41.66666666666667,Individual,Cash
ORD1395,2026-01-31,Notebook,Paper,4,35,60,240,140,100,41.66666666666667,Student,UPI
ORD1628,2026-01-31,Marker,Writing,8,20,35,280,160,120,42.857142857142854,Individual,UPI
ORD0081,2026-01-31,File,Office,10,18,35,350,180,170,48.57142857142857,Student,Card
ORD1607,2026-01-31,Highlighter,Writing,10,20,35,350,200,150,42.857142857142854,Student,Card
ORD0218,2026-01-31,Pencil,Writing,10,4,8,80,40,40,50.0,Individual,Cash
ORD0661,2026-01-31,File,Office,4,18,35,140,72,68,48.57142857142857,Business,Card
ORD1912,2026-01-31,Stapler,Office,4,45,75,300,180,120,40.0,Student,Card
ORD0112,2026-02-01,Eraser,School,9,3,7,63,27,36,57.14285714285714,Business,UPI
ORD0348,2026-02-01,Stapler,Office,9,45,75,675,405,270,40.0,Business,Cash
ORD1862,2026-02-01,Highlighter,Writing,10,20,35,350,200,150,42.857142857142854,Student,Cash
ORD1828,2026-02-01,Ball Pen,Writing,9,5,10,90,45,45,50.0,Business,Cash
ORD0255,2026-02-01,Gel Pen,Writing,9,10,20,180,90,90,50.0,Student,UPI
ORD1795,2026-02-01,Pencil,Writing,7,4,8,56,28,28,50.0,Business,Card
ORD1624,2026-02-02,Calculator,Office,3,180,300,900,540,360,40.0,Individual,Cash
ORD1252,2026-02-02,Highlighter,Writing,9,20,35,315,180,135,42.857142857142854,Business,Card
ORD0717,2026-02-02,Glue,School,5,15,25,125,75,50,40.0,Business,Card
ORD0749,2026-02-02,Calculator,Office,10,180,300,3000,1800,1200,40.0,Individual,UPI
ORD1431,2026-02-02,Highlighter,Writing,3,20,35,105,60,45,42.857142857142854,Student,Card
ORD0411,2026-02-02,Drawing Book,School,7,30,50,350,210,140,40.0,Individual,Cash
ORD1143,2026-02-02,Calculator,Office,6,180,300,1800,1080,720,40.0,Business,Cash
ORD1885,2026-02-02,Drawing Book,School,1,30,50,50,30,20,40.0,Student,Cash
ORD1566,2026-02-02,Calculator,Office,9,180,300,2700,1620,1080,40.0,Business,Cash
ORD0047,2026-02-03,Color Pencils,School,3,45,80,240,135,105,43.75,Individual,UPI
ORD1682,2026-02-03,Gel Pen,Writing,4,10,20,80,40,40,50.0,Business,Card
ORD1146,2026-02-03,Pencil,Writing,6,4,8,48,24,24,50.0,Student,UPI
ORD0466,2026-02-03,Gel Pen,Writing,3,10,20,60,30,30,50.0,Student,Cash
ORD0525,2026-02-03,Scissors,Office,6,25,45,270,150,120,44.44444444444444,Business,Cash
ORD0634,2026-02-03,Calculator,Office,1,180,300,300,180,120,40.0,Student,UPI
ORD1269,2026-02-03,Ball Pen,Writing,7,5,10,70,35,35,50.0,Student,UPI
ORD0757,2026-02-03,Drawing Book,School,9,30,50,450,270,180,40.0,Student,Cash
ORD1030,2026-02-03,Eraser,School,9,3,7,63,27,36,57.14285714285714,Business,UPI
ORD1747,2026-02-03,Stapler,Office,10,45,75,750,450,300,40.0,Business,Cash
ORD1276,2026-02-04,Scissors,Office,1,25,45,45,25,20,44.44444444444444,Individual,Cash
ORD0431,2026-02-04,File,Office,4,18,35,140,72,68,48.57142857142857,Individual,Cash
ORD0874,2026-02-04,Gel Pen,Writing,6,10,20,120,60,60,50.0,Business,UPI
ORD0648,2026-02-04,Marker,Writing,4,20,35,140,80,60,42.857142857142854,Student,Card
ORD1845,2026-02-04,Highlighter,Writing,10,20,35,350,200,150,42.857142857142854,Student,Card
ORD1805,2026-02-04,File,Office,10,18,35,350,180,170,48.57142857142857,Individual,Card
ORD1167,2026-02-04,Notebook,Paper,6,35,60,360,210,150,41.66666666666667,Individual,UPI
ORD0146,2026-02-04,Glue,School,2,15,25,50,30,20,40.0,Student,Cash
ORD1035,2026-02-04,Color Pencils,School,7,45,80,560,315,245,43.75,Individual,Cash
ORD0060,2026-02-04,Drawing Book,School,6,30,50,300,180,120,40.0,Individual,UPI
ORD1879,2026-02-04,Notebook,Paper,8,35,60,480,280,200,41.66666666666667,Student,Card
ORD1602,2026-02-05,Ball Pen,Writing,4,5,10,40,20,20,50.0,Student,Card
ORD0578,2026-02-05,Ball Pen,Writing,9,5,10,90,45,45,50.0,Business,UPI
ORD0871,2026-02-05,File,Office,10,18,35,350,180,170,48.57142857142857,Student,Cash
ORD0640,2026-02-05,Color Pencils,School,10,45,80,800,450,350,43.75,Individual,Card
ORD0905,2026-02-06,Glue,School,10,15,25,250,150,100,40.0,Business,Card
ORD1516,2026-02-06,Drawing Book,School,4,30,50,200,120,80,40.0,Individual,Card
ORD0290,2026-02-06,Ball Pen,Writing,1,5,10,10,5,5,50.0,Individual,Cash
ORD1448,2026-02-06,Gel Pen,Writing,4,10,20,80,40,40,50.0,Individual,Card
ORD1859,2026-02-06,Pencil,Writing,5,4,8,40,20,20,50.0,Student,Cash
ORD0491,2026-02-06,Eraser,School,9,3,7,63,27,36,57.14285714285714,Business,Card
ORD1707,2026-02-06,Marker,Writing,1,20,35,35,20,15,42.857142857142854,Student,Card
ORD0639,2026-02-06,Gel Pen,Writing,9,10,20,180,90,90,50.0,Business,Cash
ORD1774,2026-02-06,Drawing Book,School,7,30,50,350,210,140,40.0,Individual,Cash
ORD0093,2026-02-06,Scissors,Office,4,25,45,180,100,80,44.44444444444444,Student,UPI
ORD1832,2026-02-06,File,Office,10,18,35,350,180,170,48.57142857142857,Student,UPI
ORD0771,2026-02-07,Drawing Book,School,4,30,50,200,120,80,40.0,Student,Cash
ORD0448,2026-02-07,Eraser,School,7,3,7,49,21,28,57.14285714285714,Individual,UPI
ORD0699,2026-02-07,Notebook,Paper,1,35,60,60,35,25,41.66666666666667,Business,Card
ORD1463,2026-02-07,Gel Pen,Writing,1,10,20,20,10,10,50.0,Student,Card
ORD0940,2026-02-07,Calculator,Office,6,180,300,1800,1080,720,40.0,Business,Card
ORD0204,2026-02-07,Glue,School,4,15,25,100,60,40,40.0,Individual,Cash
ORD1877,2026-02-07,Gel Pen,Writing,8,10,20,160,80,80,50.0,Business,Cash
ORD0434,2026-02-07,Gel Pen,Writing,5,10,20,100,50,50,50.0,Individual,Cash
ORD0882,2026-02-08,Drawing Book,School,9,30,50,450,270,180,40.0,Student,UPI
ORD0269,2026-02-08,Marker,Writing,5,20,35,175,100,75,42.857142857142854,Individual,Cash
ORD1034,2026-02-08,Drawing Book,School,8,30,50,400,240,160,40.0,Business,Card
ORD0260,2026-02-08,A4 Sheets,Paper,4,180,250,1000,720,280,28.000000000000004,Business,Cash
ORD1444,2026-02-08,Glue,School,1,15,25,25,15,10,40.0,Student,Card
ORD0094,2026-02-08,Notebook,Paper,8,35,60,480,280,200,41.66666666666667,Business,UPI
ORD0070,2026-02-08,A4 Sheets,Paper,10,180,250,2500,1800,700,28.000000000000004,Student,Cash
ORD1528,2026-02-08,Gel Pen,Writing,7,10,20,140,70,70,50.0,Business,Card
ORD1595,2026-02-08,Scissors,Office,1,25,45,45,25,20,44.44444444444444,Student,Card
ORD0819,2026-02-09,Highlighter,Writing,6,20,35,210,120,90,42.857142857142854,Business,UPI
ORD1512,2026-02-09,File,Office,2,18,35,70,36,34,48.57142857142857,Student,Card
ORD0960,2026-02-09,A4 Sheets,Paper,5,180,250,1250,900,350,28.000000000000004,Individual,Card
ORD1136,2026-02-09,Glue,School,3,15,25,75,45,30,40.0,Business,UPI
ORD1027,2026-02-09,Pencil,Writing,2,4,8,16,8,8,50.0,Individual,Card
ORD0243,2026-02-09,Notebook,Paper,2,35,60,120,70,50,41.66666666666667,Individual,UPI
ORD0203,2026-02-09,File,Office,8,18,35,280,144,136,48.57142857142857,Individual,Card
ORD1311,2026-02-09,Scissors,Office,1,25,45,45,25,20,44.44444444444444,Student,Card
ORD0279,2026-02-09,Ball Pen,Writing,6,5,10,60,30,30,50.0,Student,UPI
ORD0012,2026-02-09,Calculator,Office,6,180,300,1800,1080,720,40.0,Student,Card
ORD0562,2026-02-10,Ball Pen,Writing,2,5,10,20,10,10,50.0,Student,UPI
ORD0004,2026-02-10,Gel Pen,Writing,1,10,20,20,10,10,50.0,Individual,Cash
ORD0056,2026-02-10,Marker,Writing,7,20,35,245,140,105,42.857142857142854,Student,Card
ORD0217,2026-02-10,Glue,School,7,15,25,175,105,70,40.0,Student,UPI
ORD0216,2026-02-10,File,Office,10,18,35,350,180,170,48.57142857142857,Student,Cash
ORD1327,2026-02-10,Notebook,Paper,9,35,60,540,315,225,41.66666666666667,Student,Card
ORD0518,2026-02-10,Pencil,Writing,2,4,8,16,8,8,50.0,Individual,UPI
ORD0818,2026-02-10,Ball Pen,Writing,5,5,10,50,25,25,50.0,Individual,Cash
ORD0607,2026-02-10,Marker,Writing,6,20,35,210,120,90,42.857142857142854,Student,Cash
ORD0324,2026-02-10,Gel Pen,Writing,10,10,20,200,100,100,50.0,Individual,Card
ORD1007,2026-02-10,Pencil,Writing,1,4,8,8,4,4,50.0,Individual,UPI
ORD0556,2026-02-10,Scissors,Office,5,25,45,225,125,100,44.44444444444444,Student,Card
ORD1440,2026-02-10,Glue,School,8,15,25,200,120,80,40.0,Student,UPI
ORD1148,2026-02-11,Pencil,Writing,10,4,8,80,40,40,50.0,Business,Cash
ORD1266,2026-02-11,Glue,School,2,15,25,50,30,20,40.0,Individual,Card
ORD1092,2026-02-11,Notebook,Paper,1,35,60,60,35,25,41.66666666666667,Student,Card
ORD1241,2026-02-11,A4 Sheets,Paper,2,180,250,500,360,140,28.000000000000004,Student,Cash
ORD1099,2026-02-11,A4 Sheets,Paper,8,180,250,2000,1440,560,28.000000000000004,Individual,Card
ORD1441,2026-02-11,Marker,Writing,10,20,35,350,200,150,42.857142857142854,Student,UPI
ORD0175,2026-02-11,Marker,Writing,4,20,35,140,80,60,42.857142857142854,Student,Cash
ORD1170,2026-02-11,File,Office,3,18,35,105,54,51,48.57142857142857,Student,UPI
ORD0777,2026-02-11,A4 Sheets,Paper,5,180,250,1250,900,350,28.000000000000004,Business,UPI
ORD0429,2026-02-11,Gel Pen,Writing,2,10,20,40,20,20,50.0,Individual,Cash
ORD1932,2026-02-11,A4 Sheets,Paper,7,180,250,1750,1260,490,28.000000000000004,Business,Card
ORD0453,2026-02-11,Gel Pen,Writing,10,10,20,200,100,100,50.0,Individual,Card
ORD0470,2026-02-12,Eraser,School,5,3,7,35,15,20,57.14285714285714,Individual,Card
ORD1020,2026-02-12,File,Office,7,18,35,245,126,119,48.57142857142857,Business,Cash
ORD1653,2026-02-12,Gel Pen,Writing,9,10,20,180,90,90,50.0,Student,Cash
ORD1578,2026-02-12,Glue,School,5,15,25,125,75,50,40.0,Student,Card
ORD0563,2026-02-12,A4 Sheets,Paper,7,180,250,1750,1260,490,28.000000000000004,Business,UPI
ORD0907,2026-02-12,Notebook,Paper,5,35,60,300,175,125,41.66666666666667,Student,Card
ORD1944,2026-02-13,Stapler,Office,5,45,75,375,225,150,40.0,Student,Card
ORD0464,2026-02-13,Eraser,School,3,3,7,21,9,12,57.14285714285714,Individual,UPI
ORD0007,2026-02-13,Calculator,Office,1,180,300,300,180,120,40.0,Business,Cash
ORD0973,2026-02-14,File,Office,8,18,35,280,144,136,48.57142857142857,Individual,Card
ORD1598,2026-02-14,Color Pencils,School,6,45,80,480,270,210,43.75,Business,Card
ORD1713,2026-02-14,Notebook,Paper,10,35,60,600,350,250,41.66666666666667,Business,Cash
ORD0141,2026-02-14,Highlighter,Writing,2,20,35,70,40,30,42.857142857142854,Business,Card
ORD0349,2026-02-14,Calculator,Office,9,180,300,2700,1620,1080,40.0,Individual,UPI
ORD1085,2026-02-14,Ball Pen,Writing,5,5,10,50,25,25,50.0,Individual,Cash
ORD0415,2026-02-14,Ball Pen,Writing,3,5,10,30,15,15,50.0,Student,Cash
ORD1976,2026-02-15,Highlighter,Writing,5,20,35,175,100,75,42.857142857142854,Individual,Card
ORD0800,2026-02-15,Glue,School,7,15,25,175,105,70,40.0,Individual,UPI
ORD1773,2026-02-15,Drawing Book,School,8,30,50,400,240,160,40.0,Business,UPI
ORD0998,2026-02-15,Pencil,Writing,4,4,8,32,16,16,50.0,Individual,UPI
ORD1770,2026-02-15,Notebook,Paper,8,35,60,480,280,200,41.66666666666667,Student,UPI
ORD0706,2026-02-15,Marker,Writing,6,20,35,210,120,90,42.857142857142854,Individual,Cash
ORD0475,2026-02-15,Drawing Book,School,3,30,50,150,90,60,40.0,Individual,Cash
ORD1696,2026-02-15,Drawing Book,School,7,30,50,350,210,140,40.0,Business,UPI
ORD0239,2026-02-15,A4 Sheets,Paper,5,180,250,1250,900,350,28.000000000000004,Business,Cash
ORD1450,2026-02-15,Highlighter,Writing,5,20,35,175,100,75,42.857142857142854,Business,Card
ORD0487,2026-02-15,Calculator,Office,3,180,300,900,540,360,40.0,Individual,Card
ORD1357,2026-02-15,Stapler,Office,9,45,75,675,405,270,40.0,Individual,Cash
ORD1850,2026-02-15,Highlighter,Writing,4,20,35,140,80,60,42.857142857142854,Individual,UPI
ORD1248,2026-02-15,Drawing Book,School,3,30,50,150,90,60,40.0,Individual,UPI
ORD1670,2026-02-15,Eraser,School,3,3,7,21,9,12,57.14285714285714,Individual,Card
ORD1460,2026-02-16,Gel Pen,Writing,2,10,20,40,20,20,50.0,Student,UPI
ORD0441,2026-02-16,Drawing Book,School,1,30,50,50,30,20,40.0,Student,Cash
ORD0227,2026-02-16,Eraser,School,10,3,7,70,30,40,57.14285714285714,Business,Cash
ORD0512,2026-02-16,Color Pencils,School,10,45,80,800,450,350,43.75,Student,UPI
ORD0332,2026-02-16,A4 Sheets,Paper,2,180,250,500,360,140,28.000000000000004,Business,Card
ORD1247,2026-02-16,Color Pencils,School,5,45,80,400,225,175,43.75,Individual,Cash
ORD1192,2026-02-16,Highlighter,Writing,7,20,35,245,140,105,42.857142857142854,Student,Cash
ORD1263,2026-02-16,A4 Sheets,Paper,6,180,250,1500,1080,420,28.000000000000004,Individual,Card
ORD0549,2026-02-16,File,Office,7,18,35,245,126,119,48.57142857142857,Individual,Cash
ORD1760,2026-02-16,Scissors,Office,7,25,45,315,175,140,44.44444444444444,Individual,Card
ORD0079,2026-02-16,File,Office,4,18,35,140,72,68,48.57142857142857,Business,Card
ORD0173,2026-02-17,Gel Pen,Writing,7,10,20,140,70,70,50.0,Individual,UPI
ORD1499,2026-02-17,Notebook,Paper,5,35,60,300,175,125,41.66666666666667,Student,Card
ORD1868,2026-02-17,Notebook,Paper,8,35,60,480,280,200,41.66666666666667,Student,UPI
ORD1396,2026-02-17,Notebook,Paper,1,35,60,60,35,25,41.66666666666667,Student,Cash
ORD0522,2026-02-17,Color Pencils,School,6,45,80,480,270,210,43.75,Business,UPI
ORD1864,2026-02-17,Pencil,Writing,5,4,8,40,20,20,50.0,Business,Cash
ORD0596,2026-02-18,Pencil,Writing,10,4,8,80,40,40,50.0,Business,Card
ORD0247,2026-02-18,Highlighter,Writing,7,20,35,245,140,105,42.857142857142854,Individual,Card
ORD1225,2026-02-18,A4 Sheets,Paper,5,180,250,1250,900,350,28.000000000000004,Individual,UPI
ORD0944,2026-02-18,Marker,Writing,8,20,35,280,160,120,42.857142857142854,Individual,Cash
ORD1829,2026-02-18,Pencil,Writing,7,4,8,56,28,28,50.0,Business,Cash
ORD0273,2026-02-19,Eraser,School,6,3,7,42,18,24,57.14285714285714,Business,UPI
ORD1497,2026-02-19,Scissors,Office,2,25,45,90,50,40,44.44444444444444,Individual,Card
ORD1527,2026-02-19,Glue,School,6,15,25,150,90,60,40.0,Business,UPI
ORD0449,2026-02-20,Marker,Writing,2,20,35,70,40,30,42.857142857142854,Student,Card
ORD1762,2026-02-20,File,Office,6,18,35,210,108,102,48.57142857142857,Individual,UPI
ORD0008,2026-02-20,Glue,School,2,15,25,50,30,20,40.0,Business,Cash
ORD1965,2026-02-20,Stapler,Office,1,45,75,75,45,30,40.0,Student,Cash
ORD1237,2026-02-20,A4 Sheets,Paper,6,180,250,1500,1080,420,28.000000000000004,Individual,Cash
ORD0750,2026-02-20,Color Pencils,School,1,45,80,80,45,35,43.75,Individual,UPI
ORD0821,2026-02-20,Glue,School,3,15,25,75,45,30,40.0,Student,Card
ORD1482,2026-02-20,Highlighter,Writing,5,20,35,175,100,75,42.857142857142854,Individual,Card
ORD0554,2026-02-20,Drawing Book,School,3,30,50,150,90,60,40.0,Business,Card
ORD1338,2026-02-20,Notebook,Paper,3,35,60,180,105,75,41.66666666666667,Student,Cash
ORD0337,2026-02-20,Pencil,Writing,5,4,8,40,20,20,50.0,Business,Card
ORD0072,2026-02-21,Ball Pen,Writing,2,5,10,20,10,10,50.0,Individual,UPI
ORD1904,2026-02-21,A4 Sheets,Paper,4,180,250,1000,720,280,28.000000000000004,Business,Cash
ORD1697,2026-02-21,File,Office,5,18,35,175,90,85,48.57142857142857,Business,Cash
ORD1103,2026-02-21,A4 Sheets,Paper,8,180,250,2000,1440,560,28.000000000000004,Student,Cash
ORD0022,2026-02-21,Ball Pen,Writing,2,5,10,20,10,10,50.0,Individual,UPI
ORD1433,2026-02-21,Marker,Writing,9,20,35,315,180,135,42.857142857142854,Individual,Cash
ORD1121,2026-02-22,Stapler,Office,7,45,75,525,315,210,40.0,Student,UPI
ORD0515,2026-02-22,Stapler,Office,6,45,75,450,270,180,40.0,Student,Cash
ORD0875,2026-02-22,Scissors,Office,5,25,45,225,125,100,44.44444444444444,Business,UPI
ORD0366,2026-02-22,Gel Pen,Writing,6,10,20,120,60,60,50.0,Individual,Card
ORD1893,2026-02-22,A4 Sheets,Paper,9,180,250,2250,1620,630,28.000000000000004,Student,Cash
ORD1613,2026-02-22,Glue,School,6,15,25,150,90,60,40.0,Student,Card
ORD0350,2026-02-22,Color Pencils,School,6,45,80,480,270,210,43.75,Individual,UPI
ORD1803,2026-02-22,Color Pencils,School,10,45,80,800,450,350,43.75,Individual,Card
ORD0404,2026-02-22,A4 Sheets,Paper,1,180,250,250,180,70,28.000000000000004,Business,Cash
ORD1807,2026-02-23,Calculator,Office,10,180,300,3000,1800,1200,40.0,Business,Cash
ORD1354,2026-02-23,Notebook,Paper,8,35,60,480,280,200,41.66666666666667,Individual,Cash
ORD0077,2026-02-23,Calculator,Office,1,180,300,300,180,120,40.0,Individual,Cash
ORD0626,2026-02-23,Glue,School,10,15,25,250,150,100,40.0,Business,Cash
ORD1826,2026-02-23,Highlighter,Writing,2,20,35,70,40,30,42.857142857142854,Student,Card
ORD1063,2026-02-23,Gel Pen,Writing,2,10,20,40,20,20,50.0,Business,UPI
ORD1093,2026-02-24,Ball Pen,Writing,1,5,10,10,5,5,50.0,Student,UPI
ORD0792,2026-02-24,Highlighter,Writing,9,20,35,315,180,135,42.857142857142854,Student,Card
ORD1922,2026-02-24,Ball Pen,Writing,9,5,10,90,45,45,50.0,Student,Card
ORD1285,2026-02-24,Ball Pen,Writing,8,5,10,80,40,40,50.0,Individual,UPI
ORD0408,2026-02-24,Scissors,Office,9,25,45,405,225,180,44.44444444444444,Individual,Cash
ORD0294,2026-02-24,File,Office,10,18,35,350,180,170,48.57142857142857,Individual,Card
ORD0629,2026-02-24,Eraser,School,1,3,7,7,3,4,57.14285714285714,Individual,UPI
ORD1037,2026-02-25,Pencil,Writing,7,4,8,56,28,28,50.0,Individual,Card
ORD0866,2026-02-25,Ball Pen,Writing,9,5,10,90,45,45,50.0,Student,UPI
ORD0230,2026-02-25,Marker,Writing,4,20,35,140,80,60,42.857142857142854,Student,Cash
ORD1648,2026-02-25,Color Pencils,School,5,45,80,400,225,175,43.75,Individual,UPI
ORD0181,2026-02-25,Eraser,School,5,3,7,35,15,20,57.14285714285714,Business,Card
ORD1749,2026-02-25,Drawing Book,School,10,30,50,500,300,200,40.0,Individual,Cash
ORD0118,2026-02-26,Marker,Writing,3,20,35,105,60,45,42.857142857142854,Business,Card
ORD0992,2026-02-26,Stapler,Office,10,45,75,750,450,300,40.0,Student,Card
ORD0756,2026-02-26,Pencil,Writing,8,4,8,64,32,32,50.0,Individual,Card
ORD0548,2026-02-26,A4 Sheets,Paper,5,180,250,1250,900,350,28.000000000000004,Individual,Card
ORD1824,2026-02-26,File,Office,7,18,35,245,126,119,48.57142857142857,Business,Cash
ORD1058,2026-02-26,Notebook,Paper,10,35,60,600,350,250,41.66666666666667,Student,Cash
ORD0593,2026-02-26,Stapler,Office,3,45,75,225,135,90,40.0,Business,Card
ORD1073,2026-02-26,Gel Pen,Writing,1,10,20,20,10,10,50.0,Individual,Cash
ORD1116,2026-02-26,Ball Pen,Writing,3,5,10,30,15,15,50.0,Student,Card
ORD0214,2026-02-26,File,Office,5,18,35,175,90,85,48.57142857142857,Individual,Cash
ORD0405,2026-02-26,A4 Sheets,Paper,7,180,250,1750,1260,490,28.000000000000004,Student,Cash
ORD1658,2026-02-27,Notebook,Paper,5,35,60,300,175,125,41.66666666666667,Business,Card
ORD1264,2026-02-27,File,Office,6,18,35,210,108,102,48.57142857142857,Individual,Cash
ORD1914,2026-02-27,Drawing Book,School,3,30,50,150,90,60,40.0,Student,UPI
ORD0848,2026-02-27,Stapler,Office,5,45,75,375,225,150,40.0,Business,Card
ORD0433,2026-02-27,A4 Sheets,Paper,5,180,250,1250,900,350,28.000000000000004,Business,Cash
ORD1374,2026-02-27,Drawing Book,School,5,30,50,250,150,100,40.0,Individual,UPI
ORD0602,2026-02-28,File,Office,8,18,35,280,144,136,48.57142857142857,Business,Card
ORD1151,2026-02-28,Stapler,Office,3,45,75,225,135,90,40.0,Individual,Cash
ORD0546,2026-02-28,Calculator,Office,9,180,300,2700,1620,1080,40.0,Student,Card
ORD1187,2026-02-28,Gel Pen,Writing,3,10,20,60,30,30,50.0,Student,UPI
ORD1069,2026-02-28,Ball Pen,Writing,5,5,10,50,25,25,50.0,Business,Cash
ORD1371,2026-02-28,Drawing Book,School,1,30,50,50,30,20,40.0,Individual,Cash
ORD1082,2026-03-01,Highlighter,Writing,1,20,35,35,20,15,42.857142857142854,Individual,UPI
ORD0401,2026-03-01,Marker,Writing,9,20,35,315,180,135,42.857142857142854,Business,Card
ORD1182,2026-03-01,Stapler,Office,4,45,75,300,180,120,40.0,Student,UPI
ORD1084,2026-03-01,Color Pencils,School,10,45,80,800,450,350,43.75,Business,UPI
ORD1981,2026-03-01,Drawing Book,School,9,30,50,450,270,180,40.0,Student,Cash
ORD0843,2026-03-01,Ball Pen,Writing,2,5,10,20,10,10,50.0,Business,Card
ORD1734,2026-03-02,A4 Sheets,Paper,4,180,250,1000,720,280,28.000000000000004,Individual,Cash
ORD1373,2026-03-02,Eraser,School,1,3,7,7,3,4,57.14285714285714,Student,Cash
ORD1897,2026-03-02,Ball Pen,Writing,8,5,10,80,40,40,50.0,Student,Card
ORD1189,2026-03-02,Highlighter,Writing,2,20,35,70,40,30,42.857142857142854,Business,UPI
ORD1200,2026-03-02,Gel Pen,Writing,9,10,20,180,90,90,50.0,Business,Cash
ORD0676,2026-03-02,Stapler,Office,1,45,75,75,45,30,40.0,Student,UPI
ORD1209,2026-03-02,A4 Sheets,Paper,7,180,250,1750,1260,490,28.000000000000004,Student,Cash
ORD0724,2026-03-03,Color Pencils,School,9,45,80,720,405,315,43.75,Student,UPI
ORD0372,2026-03-03,Stapler,Office,2,45,75,150,90,60,40.0,Student,UPI
ORD1399,2026-03-03,A4 Sheets,Paper,3,180,250,750,540,210,28.000000000000004,Individual,Card
ORD1336,2026-03-03,A4 Sheets,Paper,6,180,250,1500,1080,420,28.000000000000004,Student,Cash
ORD0825,2026-03-03,Marker,Writing,3,20,35,105,60,45,42.857142857142854,Business,UPI
ORD0826,2026-03-03,Glue,School,6,15,25,150,90,60,40.0,Business,Card
ORD1043,2026-03-03,File,Office,10,18,35,350,180,170,48.57142857142857,Individual,UPI
ORD1124,2026-03-03,Drawing Book,School,10,30,50,500,300,200,40.0,Student,Cash
ORD1057,2026-03-03,Glue,School,1,15,25,25,15,10,40.0,Individual,Card
ORD1677,2026-03-04,Gel Pen,Writing,6,10,20,120,60,60,50.0,Business,UPI
ORD1678,2026-03-04,Highlighter,Writing,4,20,35,140,80,60,42.857142857142854,Business,Cash
ORD1261,2026-03-04,A4 Sheets,Paper,1,180,250,250,180,70,28.000000000000004,Individual,UPI
ORD1687,2026-03-04,Gel Pen,Writing,4,10,20,80,40,40,50.0,Student,UPI
ORD1743,2026-03-04,Calculator,Office,6,180,300,1800,1080,720,40.0,Student,UPI
ORD1087,2026-03-04,A4 Sheets,Paper,10,180,250,2500,1800,700,28.000000000000004,Individual,UPI
ORD0384,2026-03-04,Highlighter,Writing,4,20,35,140,80,60,42.857142857142854,Student,Cash
ORD0516,2026-03-04,Drawing Book,School,2,30,50,100,60,40,40.0,Individual,UPI
ORD0813,2026-03-05,Stapler,Office,7,45,75,525,315,210,40.0,Student,Card
ORD1757,2026-03-05,Color Pencils,School,9,45,80,720,405,315,43.75,Individual,Card
ORD0006,2026-03-05,Highlighter,Writing,6,20,35,210,120,90,42.857142857142854,Student,UPI
ORD0632,2026-03-05,File,Office,7,18,35,245,126,119,48.57142857142857,Student,Cash
ORD0249,2026-03-05,A4 Sheets,Paper,7,180,250,1750,1260,490,28.000000000000004,Business,Cash
ORD1244,2026-03-06,Highlighter,Writing,9,20,35,315,180,135,42.857142857142854,Individual,Cash
ORD1638,2026-03-06,File,Office,8,18,35,280,144,136,48.57142857142857,Student,UPI
ORD0643,2026-03-06,Highlighter,Writing,10,20,35,350,200,150,42.857142857142854,Student,Card
ORD1667,2026-03-06,Pencil,Writing,3,4,8,24,12,12,50.0,Business,Cash
ORD0597,2026-03-06,Glue,School,7,15,25,175,105,70,40.0,Business,Card
ORD0892,2026-03-06,Gel Pen,Writing,5,10,20,100,50,50,50.0,Student,UPI
ORD1330,2026-03-06,Stapler,Office,8,45,75,600,360,240,40.0,Student,Card
ORD1379,2026-03-06,Color Pencils,School,5,45,80,400,225,175,43.75,Business,UPI
ORD1588,2026-03-06,Color Pencils,School,2,45,80,160,90,70,43.75,Student,Cash
ORD1587,2026-03-06,Marker,Writing,1,20,35,35,20,15,42.857142857142854,Business,UPI
ORD1584,2026-03-06,A4 Sheets,Paper,3,180,250,750,540,210,28.000000000000004,Individual,UPI
ORD0605,2026-03-06,Gel Pen,Writing,8,10,20,160,80,80,50.0,Individual,UPI
ORD0379,2026-03-07,Ball Pen,Writing,3,5,10,30,15,15,50.0,Student,Card
ORD0846,2026-03-07,Glue,School,4,15,25,100,60,40,40.0,Individual,UPI
ORD0862,2026-03-07,Gel Pen,Writing,10,10,20,200,100,100,50.0,Student,Cash
ORD0868,2026-03-07,Glue,School,9,15,25,225,135,90,40.0,Student,Cash
ORD0877,2026-03-07,Stapler,Office,7,45,75,525,315,210,40.0,Business,Cash
ORD0268,2026-03-07,Marker,Writing,5,20,35,175,100,75,42.857142857142854,Individual,Card
ORD0128,2026-03-08,Color Pencils,School,4,45,80,320,180,140,43.75,Individual,Cash
ORD0711,2026-03-08,Ball Pen,Writing,8,5,10,80,40,40,50.0,Business,Card
ORD0891,2026-03-08,Pencil,Writing,1,4,8,8,4,4,50.0,Business,Card
ORD0338,2026-03-08,Marker,Writing,5,20,35,175,100,75,42.857142857142854,Business,UPI
ORD0392,2026-03-08,Drawing Book,School,2,30,50,100,60,40,40.0,Business,Card
ORD0677,2026-03-09,Eraser,School,4,3,7,28,12,16,57.14285714285714,Individual,UPI
ORD0087,2026-03-09,Calculator,Office,8,180,300,2400,1440,960,40.0,Student,UPI
ORD0979,2026-03-09,Scissors,Office,7,25,45,315,175,140,44.44444444444444,Business,Cash
ORD1222,2026-03-10,Gel Pen,Writing,9,10,20,180,90,90,50.0,Individual,Cash
ORD0312,2026-03-10,Glue,School,7,15,25,175,105,70,40.0,Student,Cash
ORD0158,2026-03-10,Drawing Book,School,4,30,50,200,120,80,40.0,Business,UPI
ORD0670,2026-03-10,Marker,Writing,10,20,35,350,200,150,42.857142857142854,Student,Cash
ORD1902,2026-03-10,File,Office,8,18,35,280,144,136,48.57142857142857,Individual,Cash
ORD0406,2026-03-10,Color Pencils,School,5,45,80,400,225,175,43.75,Business,Card
ORD0783,2026-03-10,File,Office,8,18,35,280,144,136,48.57142857142857,Business,Cash
ORD0763,2026-03-10,Stapler,Office,2,45,75,150,90,60,40.0,Student,Cash
ORD1268,2026-03-10,A4 Sheets,Paper,1,180,250,250,180,70,28.000000000000004,Business,Card
ORD0052,2026-03-11,Calculator,Office,1,180,300,300,180,120,40.0,Business,Card
ORD0672,2026-03-11,Marker,Writing,5,20,35,175,100,75,42.857142857142854,Individual,Cash
ORD1684,2026-03-11,Stapler,Office,1,45,75,75,45,30,40.0,Student,Cash
ORD0743,2026-03-11,Glue,School,10,15,25,250,150,100,40.0,Student,UPI
ORD1676,2026-03-11,Calculator,Office,9,180,300,2700,1620,1080,40.0,Individual,Cash
ORD0399,2026-03-11,Calculator,Office,4,180,300,1200,720,480,40.0,Student,Cash
ORD0105,2026-03-11,File,Office,2,18,35,70,36,34,48.57142857142857,Student,Card
ORD0355,2026-03-12,Color Pencils,School,8,45,80,640,360,280,43.75,Individual,UPI
ORD0903,2026-03-12,Stapler,Office,9,45,75,675,405,270,40.0,Individual,Cash
ORD1015,2026-03-12,Drawing Book,School,8,30,50,400,240,160,40.0,Business,UPI
ORD1163,2026-03-12,Eraser,School,5,3,7,35,15,20,57.14285714285714,Student,Cash
ORD0457,2026-03-12,Pencil,Writing,6,4,8,48,24,24,50.0,Business,UPI
ORD0064,2026-03-12,Glue,School,3,15,25,75,45,30,40.0,Individual,Card
ORD0164,2026-03-12,Pencil,Writing,10,4,8,80,40,40,50.0,Student,Cash
ORD0575,2026-03-12,Stapler,Office,10,45,75,750,450,300,40.0,Individual,Cash
ORD0019,2026-03-12,Stapler,Office,3,45,75,225,135,90,40.0,Individual,UPI
ORD1006,2026-03-12,Marker,Writing,4,20,35,140,80,60,42.857142857142854,Business,Cash
ORD0806,2026-03-12,A4 Sheets,Paper,2,180,250,500,360,140,28.000000000000004,Student,Cash
ORD0697,2026-03-12,Pencil,Writing,10,4,8,80,40,40,50.0,Student,Cash
ORD1580,2026-03-13,A4 Sheets,Paper,9,180,250,2250,1620,630,28.000000000000004,Student,Cash
ORD0133,2026-03-13,Drawing Book,School,4,30,50,200,120,80,40.0,Student,Card
ORD0573,2026-03-13,Ball Pen,Writing,6,5,10,60,30,30,50.0,Business,Card
ORD0628,2026-03-13,Eraser,School,5,3,7,35,15,20,57.14285714285714,Business,UPI
ORD0334,2026-03-13,Calculator,Office,10,180,300,3000,1800,1200,40.0,Student,UPI
ORD1836,2026-03-13,Highlighter,Writing,4,20,35,140,80,60,42.857142857142854,Student,UPI
ORD1535,2026-03-13,Gel Pen,Writing,5,10,20,100,50,50,50.0,Student,Cash
ORD0840,2026-03-13,Calculator,Office,5,180,300,1500,900,600,40.0,Student,Card
ORD1735,2026-03-13,A4 Sheets,Paper,7,180,250,1750,1260,490,28.000000000000004,Student,Cash
ORD1849,2026-03-13,Calculator,Office,8,180,300,2400,1440,960,40.0,Individual,Cash
ORD1659,2026-03-13,Drawing Book,School,6,30,50,300,180,120,40.0,Individual,Cash
ORD0165,2026-03-13,File,Office,7,18,35,245,126,119,48.57142857142857,Individual,Cash
ORD1515,2026-03-14,Drawing Book,School,8,30,50,400,240,160,40.0,Student,Cash
ORD1194,2026-03-14,Drawing Book,School,7,30,50,350,210,140,40.0,Business,Card
ORD1184,2026-03-14,Gel Pen,Writing,7,10,20,140,70,70,50.0,Student,Card
ORD0745,2026-03-14,Calculator,Office,4,180,300,1200,720,480,40.0,Business,UPI
ORD0067,2026-03-14,Notebook,Paper,8,35,60,480,280,200,41.66666666666667,Individual,UPI
ORD1199,2026-03-14,Pencil,Writing,3,4,8,24,12,12,50.0,Business,Card
ORD1604,2026-03-14,Highlighter,Writing,3,20,35,105,60,45,42.857142857142854,Individual,Cash
ORD1920,2026-03-14,Calculator,Office,7,180,300,2100,1260,840,40.0,Individual,UPI
ORD0601,2026-03-15,Marker,Writing,3,20,35,105,60,45,42.857142857142854,Student,Card
ORD0110,2026-03-15,Pencil,Writing,3,4,8,24,12,12,50.0,Business,Card
ORD1680,2026-03-15,Scissors,Office,9,25,45,405,225,180,44.44444444444444,Business,UPI
ORD1977,2026-03-15,Notebook,Paper,8,35,60,480,280,200,41.66666666666667,Individual,Card
ORD1817,2026-03-15,Eraser,School,1,3,7,7,3,4,57.14285714285714,Individual,UPI
ORD1704,2026-03-15,Stapler,Office,8,45,75,600,360,240,40.0,Individual,Cash
ORD1523,2026-03-15,Marker,Writing,8,20,35,280,160,120,42.857142857142854,Student,UPI
ORD0095,2026-03-15,File,Office,4,18,35,140,72,68,48.57142857142857,Individual,UPI
ORD0014,2026-03-16,Calculator,Office,7,180,300,2100,1260,840,40.0,Student,Cash
ORD0845,2026-03-16,Color Pencils,School,7,45,80,560,315,245,43.75,Business,Card
ORD0021,2026-03-16,Notebook,Paper,4,35,60,240,140,100,41.66666666666667,Business,UPI
ORD1446,2026-03-16,File,Office,8,18,35,280,144,136,48.57142857142857,Individual,Card
ORD1467,2026-03-16,Marker,Writing,4,20,35,140,80,60,42.857142857142854,Individual,Card
ORD0690,2026-03-16,Drawing Book,School,6,30,50,300,180,120,40.0,Business,Card
ORD1722,2026-03-16,Glue,School,10,15,25,250,150,100,40.0,Individual,Cash
ORD1190,2026-03-16,Marker,Writing,1,20,35,35,20,15,42.857142857142854,Student,UPI
ORD1404,2026-03-16,Scissors,Office,3,25,45,135,75,60,44.44444444444444,Student,Cash
ORD0675,2026-03-17,Drawing Book,School,9,30,50,450,270,180,40.0,Student,UPI
ORD0136,2026-03-17,Notebook,Paper,5,35,60,300,175,125,41.66666666666667,Business,Card
ORD1165,2026-03-17,Stapler,Office,10,45,75,750,450,300,40.0,Individual,Card
ORD1974,2026-03-17,Scissors,Office,10,25,45,450,250,200,44.44444444444444,Business,UPI
ORD1231,2026-03-17,Notebook,Paper,2,35,60,120,70,50,41.66666666666667,Business,Cash
ORD1923,2026-03-17,Calculator,Office,9,180,300,2700,1620,1080,40.0,Individual,Cash
ORD1081,2026-03-17,Ball Pen,Writing,6,5,10,60,30,30,50.0,Student,Card
ORD0456,2026-03-17,Gel Pen,Writing,6,10,20,120,60,60,50.0,Individual,Card
ORD0705,2026-03-17,Calculator,Office,2,180,300,600,360,240,40.0,Individual,Cash
ORD0509,2026-03-17,Eraser,School,4,3,7,28,12,16,57.14285714285714,Student,UPI
ORD1768,2026-03-17,Gel Pen,Writing,6,10,20,120,60,60,50.0,Individual,Cash
ORD0071,2026-03-17,Notebook,Paper,4,35,60,240,140,100,41.66666666666667,Business,UPI
ORD1856,2026-03-17,A4 Sheets,Paper,4,180,250,1000,720,280,28.000000000000004,Business,UPI
ORD1987,2026-03-17,Eraser,School,1,3,7,7,3,4,57.14285714285714,Student,Card
ORD0858,2026-03-17,Drawing Book,School,5,30,50,250,150,100,40.0,Business,Card
ORD0148,2026-03-17,Calculator,Office,2,180,300,600,360,240,40.0,Individual,UPI
ORD0550,2026-03-18,Scissors,Office,10,25,45,450,250,200,44.44444444444444,Student,Cash
ORD0076,2026-03-18,Scissors,Office,1,25,45,45,25,20,44.44444444444444,Individual,UPI
ORD1360,2026-03-18,Calculator,Office,1,180,300,300,180,120,40.0,Business,Card
ORD1559,2026-03-18,Gel Pen,Writing,8,10,20,160,80,80,50.0,Student,Card
ORD0009,2026-03-19,Notebook,Paper,5,35,60,300,175,125,41.66666666666667,Business,UPI
ORD1550,2026-03-19,A4 Sheets,Paper,8,180,250,2000,1440,560,28.000000000000004,Student,UPI
ORD1180,2026-03-19,Ball Pen,Writing,6,5,10,60,30,30,50.0,Business,Cash
ORD0494,2026-03-19,Marker,Writing,10,20,35,350,200,150,42.857142857142854,Business,Cash
ORD1310,2026-03-19,File,Office,6,18,35,210,108,102,48.57142857142857,Business,Cash
ORD0506,2026-03-19,Notebook,Paper,9,35,60,540,315,225,41.66666666666667,Individual,Card
ORD1393,2026-03-19,Highlighter,Writing,10,20,35,350,200,150,42.857142857142854,Student,Card
ORD1489,2026-03-19,Stapler,Office,6,45,75,450,270,180,40.0,Individual,Cash
ORD0207,2026-03-19,Notebook,Paper,3,35,60,180,105,75,41.66666666666667,Student,UPI
ORD0735,2026-03-19,Glue,School,6,15,25,150,90,60,40.0,Student,UPI
ORD1036,2026-03-19,Calculator,Office,5,180,300,1500,900,600,40.0,Individual,Cash
ORD0190,2026-03-20,Marker,Writing,5,20,35,175,100,75,42.857142857142854,Student,UPI
ORD1689,2026-03-20,Pencil,Writing,7,4,8,56,28,28,50.0,Business,Cash
ORD1538,2026-03-20,Drawing Book,School,2,30,50,100,60,40,40.0,Individual,Cash
ORD1414,2026-03-20,Color Pencils,School,7,45,80,560,315,245,43.75,Student,Cash
ORD1333,2026-03-21,Stapler,Office,9,45,75,675,405,270,40.0,Student,Cash
ORD1615,2026-03-21,Marker,Writing,8,20,35,280,160,120,42.857142857142854,Business,Cash
ORD1312,2026-03-21,Eraser,School,8,3,7,56,24,32,57.14285714285714,Individual,UPI
ORD1066,2026-03-21,Glue,School,5,15,25,125,75,50,40.0,Student,Card
ORD0253,2026-03-21,A4 Sheets,Paper,8,180,250,2000,1440,560,28.000000000000004,Individual,Card
ORD0232,2026-03-21,Highlighter,Writing,9,20,35,315,180,135,42.857142857142854,Individual,UPI
ORD1843,2026-03-21,Calculator,Office,6,180,300,1800,1080,720,40.0,Individual,Cash
ORD0996,2026-03-21,Ball Pen,Writing,8,5,10,80,40,40,50.0,Individual,UPI
ORD0084,2026-03-22,Highlighter,Writing,8,20,35,280,160,120,42.857142857142854,Individual,Card
ORD1008,2026-03-22,A4 Sheets,Paper,1,180,250,250,180,70,28.000000000000004,Individual,Cash
ORD0504,2026-03-22,Highlighter,Writing,9,20,35,315,180,135,42.857142857142854,Business,UPI
ORD0199,2026-03-22,Ball Pen,Writing,10,5,10,100,50,50,50.0,Individual,Card
ORD0544,2026-03-22,Glue,School,6,15,25,150,90,60,40.0,Business,Card
ORD0748,2026-03-22,Notebook,Paper,10,35,60,600,350,250,41.66666666666667,Student,UPI
ORD0559,2026-03-22,A4 Sheets,Paper,6,180,250,1500,1080,420,28.000000000000004,Individual,Card
ORD1412,2026-03-22,Notebook,Paper,7,35,60,420,245,175,41.66666666666667,Individual,Card
ORD1090,2026-03-23,Marker,Writing,6,20,35,210,120,90,42.857142857142854,Student,Cash
ORD0062,2026-03-23,Ball Pen,Writing,3,5,10,30,15,15,50.0,Business,UPI
ORD0802,2026-03-23,Color Pencils,School,7,45,80,560,315,245,43.75,Student,Cash
ORD1017,2026-03-23,Stapler,Office,2,45,75,150,90,60,40.0,Student,Card
ORD1970,2026-03-23,Scissors,Office,3,25,45,135,75,60,44.44444444444444,Individual,Cash
ORD0901,2026-03-23,File,Office,3,18,35,105,54,51,48.57142857142857,Student,UPI
ORD0446,2026-03-23,Scissors,Office,9,25,45,405,225,180,44.44444444444444,Business,Card
ORD1331,2026-03-23,Marker,Writing,4,20,35,140,80,60,42.857142857142854,Business,Card
ORD1548,2026-03-23,Pencil,Writing,3,4,8,24,12,12,50.0,Individual,Card
ORD1490,2026-03-23,Ball Pen,Writing,8,5,10,80,40,40,50.0,Student,Cash
ORD1239,2026-03-23,Eraser,School,9,3,7,63,27,36,57.14285714285714,Student,UPI
ORD0530,2026-03-23,Marker,Writing,6,20,35,210,120,90,42.857142857142854,Business,Card
ORD0938,2026-03-24,Ball Pen,Writing,3,5,10,30,15,15,50.0,Individual,Card
ORD1641,2026-03-24,Glue,School,10,15,25,250,150,100,40.0,Business,Card
ORD0115,2026-03-24,Stapler,Office,2,45,75,150,90,60,40.0,Business,UPI
ORD0636,2026-03-24,Scissors,Office,2,25,45,90,50,40,44.44444444444444,Student,Cash
ORD1765,2026-03-24,Glue,School,3,15,25,75,45,30,40.0,Individual,Cash
ORD0170,2026-03-24,Highlighter,Writing,8,20,35,280,160,120,42.857142857142854,Student,Card
ORD0107,2026-03-24,Gel Pen,Writing,7,10,20,140,70,70,50.0,Business,Cash
ORD0423,2026-03-24,File,Office,8,18,35,280,144,136,48.57142857142857,Student,Card
ORD1785,2026-03-24,File,Office,3,18,35,105,54,51,48.57142857142857,Business,Card
ORD0529,2026-03-24,A4 Sheets,Paper,10,180,250,2500,1800,700,28.000000000000004,Student,Cash
ORD1487,2026-03-24,Ball Pen,Writing,5,5,10,50,25,25,50.0,Business,UPI
ORD0206,2026-03-24,Ball Pen,Writing,3,5,10,30,15,15,50.0,Student,UPI
ORD1105,2026-03-24,Eraser,School,8,3,7,56,24,32,57.14285714285714,Individual,UPI
ORD0403,2026-03-25,Stapler,Office,9,45,75,675,405,270,40.0,Student,UPI
ORD0473,2026-03-25,Drawing Book,School,2,30,50,100,60,40,40.0,Business,UPI
ORD0266,2026-03-25,Gel Pen,Writing,6,10,20,120,60,60,50.0,Individual,Card
ORD1203,2026-03-25,A4 Sheets,Paper,8,180,250,2000,1440,560,28.000000000000004,Individual,Card
ORD1539,2026-03-25,Color Pencils,School,6,45,80,480,270,210,43.75,Business,UPI
ORD0710,2026-03-25,Marker,Writing,2,20,35,70,40,30,42.857142857142854,Business,UPI
ORD1175,2026-03-25,Glue,School,4,15,25,100,60,40,40.0,Individual,Cash
ORD1145,2026-03-25,Highlighter,Writing,2,20,35,70,40,30,42.857142857142854,Student,Cash
ORD1001,2026-03-25,Scissors,Office,10,25,45,450,250,200,44.44444444444444,Student,Cash
ORD1141,2026-03-25,A4 Sheets,Paper,8,180,250,2000,1440,560,28.000000000000004,Business,Cash
ORD1846,2026-03-25,Eraser,School,3,3,7,21,9,12,57.14285714285714,Individual,Card
ORD0254,2026-03-25,Notebook,Paper,4,35,60,240,140,100,41.66666666666667,Student,Card
ORD1112,2026-03-25,Ball Pen,Writing,9,5,10,90,45,45,50.0,Individual,UPI
ORD0098,2026-03-25,Gel Pen,Writing,1,10,20,20,10,10,50.0,Business,Card
ORD0895,2026-03-26,Color Pencils,School,2,45,80,160,90,70,43.75,Student,UPI
ORD0195,2026-03-26,Drawing Book,School,3,30,50,150,90,60,40.0,Individual,UPI
ORD0454,2026-03-26,Drawing Book,School,2,30,50,100,60,40,40.0,Individual,Card
ORD0272,2026-03-26,Calculator,Office,6,180,300,1800,1080,720,40.0,Student,UPI
ORD0380,2026-03-26,Calculator,Office,8,180,300,2400,1440,960,40.0,Business,Card
ORD0766,2026-03-26,Calculator,Office,9,180,300,2700,1620,1080,40.0,Individual,Cash
ORD0965,2026-03-26,Stapler,Office,6,45,75,450,270,180,40.0,Business,Cash
ORD0032,2026-03-26,Highlighter,Writing,4,20,35,140,80,60,42.857142857142854,Business,Card
ORD1394,2026-03-26,Pencil,Writing,6,4,8,48,24,24,50.0,Individual,UPI
ORD0904,2026-03-26,Stapler,Office,5,45,75,375,225,150,40.0,Individual,UPI
ORD1533,2026-03-26,Color Pencils,School,9,45,80,720,405,315,43.75,Individual,Card
ORD0421,2026-03-26,Scissors,Office,5,25,45,225,125,100,44.44444444444444,Individual,Card
ORD1600,2026-03-26,Marker,Writing,4,20,35,140,80,60,42.857142857142854,Student,Card
ORD1306,2026-03-27,Notebook,Paper,6,35,60,360,210,150,41.66666666666667,Business,UPI
ORD1725,2026-03-27,Pencil,Writing,6,4,8,48,24,24,50.0,Individual,UPI
ORD0700,2026-03-27,Glue,School,7,15,25,175,105,70,40.0,Business,Cash
ORD1486,2026-03-27,Glue,School,1,15,25,25,15,10,40.0,Student,Cash
ORD0582,2026-03-27,Notebook,Paper,8,35,60,480,280,200,41.66666666666667,Individual,UPI
ORD1891,2026-03-27,File,Office,1,18,35,35,18,17,48.57142857142857,Individual,Card
ORD0194,2026-03-27,Marker,Writing,3,20,35,105,60,45,42.857142857142854,Business,UPI
ORD1102,2026-03-27,Color Pencils,School,3,45,80,240,135,105,43.75,Individual,Cash
ORD1775,2026-03-27,Pencil,Writing,5,4,8,40,20,20,50.0,Individual,Card
ORD1274,2026-03-27,Marker,Writing,1,20,35,35,20,15,42.857142857142854,Student,Card
ORD0484,2026-03-28,Scissors,Office,5,25,45,225,125,100,44.44444444444444,Student,UPI
ORD0894,2026-03-28,Marker,Writing,3,20,35,105,60,45,42.857142857142854,Individual,Card
ORD0899,2026-03-28,Stapler,Office,4,45,75,300,180,120,40.0,Individual,UPI
ORD0805,2026-03-28,Glue,School,1,15,25,25,15,10,40.0,Student,Card
ORD1617,2026-03-28,Stapler,Office,10,45,75,750,450,300,40.0,Business,Cash
ORD1618,2026-03-28,Notebook,Paper,3,35,60,180,105,75,41.66666666666667,Student,Card
ORD1240,2026-03-28,Color Pencils,School,4,45,80,320,180,140,43.75,Business,UPI
ORD0295,2026-03-28,Eraser,School,2,3,7,14,6,8,57.14285714285714,Individual,UPI
ORD1924,2026-03-29,Notebook,Paper,8,35,60,480,280,200,41.66666666666667,Individual,Card
ORD1022,2026-03-29,Scissors,Office,9,25,45,405,225,180,44.44444444444444,Individual,Cash
ORD0747,2026-03-29,Glue,School,3,15,25,75,45,30,40.0,Student,Cash
ORD0963,2026-03-29,Gel Pen,Writing,4,10,20,80,40,40,50.0,Individual,Card
ORD0300,2026-03-29,Glue,School,5,15,25,125,75,50,40.0,Student,Card
ORD1691,2026-03-29,Marker,Writing,6,20,35,210,120,90,42.857142857142854,Student,Cash
ORD1381,2026-03-29,Marker,Writing,8,20,35,280,160,120,42.857142857142854,Business,Cash
ORD0472,2026-03-29,Scissors,Office,1,25,45,45,25,20,44.44444444444444,Business,UPI
ORD0612,2026-03-29,Glue,School,5,15,25,125,75,50,40.0,Student,Cash
ORD0666,2026-03-29,Notebook,Paper,6,35,60,360,210,150,41.66666666666667,Student,UPI
ORD0767,2026-03-30,Highlighter,Writing,4,20,35,140,80,60,42.857142857142854,Student,Card
ORD0884,2026-03-30,Highlighter,Writing,5,20,35,175,100,75,42.857142857142854,Individual,Card
ORD0035,2026-03-30,Pencil,Writing,10,4,8,80,40,40,50.0,Business,UPI
ORD0668,2026-03-30,Glue,School,9,15,25,225,135,90,40.0,Individual,UPI
ORD1703,2026-03-30,Eraser,School,3,3,7,21,9,12,57.14285714285714,Business,Cash
ORD0322,2026-03-30,A4 Sheets,Paper,7,180,250,1750,1260,490,28.000000000000004,Business,Card
ORD0991,2026-03-31,Color Pencils,School,7,45,80,560,315,245,43.75,Business,UPI
ORD1714,2026-03-31,Notebook,Paper,7,35,60,420,245,175,41.66666666666667,Individual,Cash
ORD0122,2026-03-31,A4 Sheets,Paper,3,180,250,750,540,210,28.000000000000004,Business,Cash
ORD1078,2026-03-31,Scissors,Office,10,25,45,450,250,200,44.44444444444444,Individual,Cash
ORD1335,2026-03-31,Eraser,School,8,3,7,56,24,32,57.14285714285714,Student,Card
ORD0297,2026-03-31,Stapler,Office,4,45,75,300,180,120,40.0,Business,UPI
ORD0412,2026-04-01,File,Office,7,18,35,245,126,119,48.57142857142857,Student,Cash
ORD0975,2026-04-01,Highlighter,Writing,3,20,35,105,60,45,42.857142857142854,Individual,Card
ORD1341,2026-04-01,Scissors,Office,10,25,45,450,250,200,44.44444444444444,Student,Cash
ORD0424,2026-04-01,Notebook,Paper,9,35,60,540,315,225,41.66666666666667,Business,Card
ORD0108,2026-04-01,Glue,School,2,15,25,50,30,20,40.0,Individual,UPI
ORD0346,2026-04-01,Scissors,Office,1,25,45,45,25,20,44.44444444444444,Business,Card
ORD0288,2026-04-01,Eraser,School,1,3,7,7,3,4,57.14285714285714,Student,Card
ORD0928,2026-04-01,Eraser,School,3,3,7,21,9,12,57.14285714285714,Individual,UPI
ORD1759,2026-04-01,Gel Pen,Writing,10,10,20,200,100,100,50.0,Individual,Card
ORD0616,2026-04-01,Notebook,Paper,7,35,60,420,245,175,41.66666666666667,Student,Cash
ORD1195,2026-04-01,Notebook,Paper,4,35,60,240,140,100,41.66666666666667,Student,Card
ORD1326,2026-04-02,Ball Pen,Writing,8,5,10,80,40,40,50.0,Business,Cash
ORD0365,2026-04-02,Highlighter,Writing,5,20,35,175,100,75,42.857142857142854,Individual,Card
ORD1674,2026-04-02,Gel Pen,Writing,10,10,20,200,100,100,50.0,Student,Card
ORD0568,2026-04-02,Drawing Book,School,7,30,50,350,210,140,40.0,Business,Card
ORD0761,2026-04-02,Eraser,School,4,3,7,28,12,16,57.14285714285714,Business,Card
ORD1139,2026-04-02,Stapler,Office,1,45,75,75,45,30,40.0,Business,Card
ORD1905,2026-04-02,Gel Pen,Writing,10,10,20,200,100,100,50.0,Student,Card
ORD0712,2026-04-02,Pencil,Writing,5,4,8,40,20,20,50.0,Business,UPI
ORD0362,2026-04-02,Calculator,Office,4,180,300,1200,720,480,40.0,Business,Card
ORD1204,2026-04-02,Highlighter,Writing,5,20,35,175,100,75,42.857142857142854,Student,Cash
ORD1480,2026-04-02,Gel Pen,Writing,7,10,20,140,70,70,50.0,Student,Cash
ORD1134,2026-04-03,Color Pencils,School,7,45,80,560,315,245,43.75,Individual,UPI
ORD1642,2026-04-03,File,Office,3,18,35,105,54,51,48.57142857142857,Business,UPI
ORD0631,2026-04-03,Stapler,Office,4,45,75,300,180,120,40.0,Individual,Card
ORD1984,2026-04-03,Stapler,Office,5,45,75,375,225,150,40.0,Student,Card
ORD1895,2026-04-03,File,Office,10,18,35,350,180,170,48.57142857142857,Student,UPI
ORD0259,2026-04-03,Marker,Writing,1,20,35,35,20,15,42.857142857142854,Business,Card
ORD1744,2026-04-03,A4 Sheets,Paper,8,180,250,2000,1440,560,28.000000000000004,Student,Card
ORD0810,2026-04-03,Scissors,Office,6,25,45,270,150,120,44.44444444444444,Individual,Card
ORD0730,2026-04-03,Highlighter,Writing,2,20,35,70,40,30,42.857142857142854,Business,UPI
ORD1844,2026-04-03,Marker,Writing,1,20,35,35,20,15,42.857142857142854,Business,UPI
ORD1869,2026-04-03,Ball Pen,Writing,1,5,10,10,5,5,50.0,Business,Card
ORD0878,2026-04-04,Drawing Book,School,4,30,50,200,120,80,40.0,Individual,Cash
ORD0897,2026-04-04,A4 Sheets,Paper,5,180,250,1250,900,350,28.000000000000004,Student,Cash
ORD1686,2026-04-04,A4 Sheets,Paper,7,180,250,1750,1260,490,28.000000000000004,Business,Card
ORD0734,2026-04-04,Color Pencils,School,3,45,80,240,135,105,43.75,Individual,Card
ORD1592,2026-04-04,Pencil,Writing,4,4,8,32,16,16,50.0,Student,Card
ORD1110,2026-04-04,Pencil,Writing,6,4,8,48,24,24,50.0,Student,Card
ORD0155,2026-04-05,Pencil,Writing,1,4,8,8,4,4,50.0,Individual,Card
ORD1109,2026-04-05,Highlighter,Writing,10,20,35,350,200,150,42.857142857142854,Business,Card
ORD0045,2026-04-05,File,Office,8,18,35,280,144,136,48.57142857142857,Individual,Cash
ORD0374,2026-04-05,Pencil,Writing,6,4,8,48,24,24,50.0,Individual,Cash
ORD0286,2026-04-05,File,Office,1,18,35,35,18,17,48.57142857142857,Business,UPI
ORD0685,2026-04-05,Stapler,Office,1,45,75,75,45,30,40.0,Student,Card
ORD1095,2026-04-05,Color Pencils,School,7,45,80,560,315,245,43.75,Business,Cash
ORD1071,2026-04-05,Calculator,Office,8,180,300,2400,1440,960,40.0,Student,UPI
ORD0617,2026-04-05,Marker,Writing,4,20,35,140,80,60,42.857142857142854,Student,Card
ORD1621,2026-04-05,Gel Pen,Writing,9,10,20,180,90,90,50.0,Student,Cash
ORD0590,2026-04-06,A4 Sheets,Paper,3,180,250,750,540,210,28.000000000000004,Business,Card
ORD1271,2026-04-06,Notebook,Paper,2,35,60,120,70,50,41.66666666666667,Business,UPI
ORD0704,2026-04-06,Scissors,Office,7,25,45,315,175,140,44.44444444444444,Student,Card
ORD1792,2026-04-06,Glue,School,3,15,25,75,45,30,40.0,Business,UPI
ORD1439,2026-04-06,File,Office,4,18,35,140,72,68,48.57142857142857,Individual,Cash
ORD1739,2026-04-06,Calculator,Office,1,180,300,300,180,120,40.0,Business,Cash
ORD1787,2026-04-07,Color Pencils,School,7,45,80,560,315,245,43.75,Student,Cash
ORD1456,2026-04-07,Eraser,School,10,3,7,70,30,40,57.14285714285714,Business,Cash
ORD0030,2026-04-07,Drawing Book,School,9,30,50,450,270,180,40.0,Business,Card
ORD1908,2026-04-07,Calculator,Office,4,180,300,1200,720,480,40.0,Business,UPI
ORD0985,2026-04-07,File,Office,1,18,35,35,18,17,48.57142857142857,Student,UPI
ORD0356,2026-04-07,Eraser,School,10,3,7,70,30,40,57.14285714285714,Business,Cash
ORD1483,2026-04-07,Pencil,Writing,7,4,8,56,28,28,50.0,Business,Cash
ORD0918,2026-04-08,Stapler,Office,3,45,75,225,135,90,40.0,Business,Card
ORD1344,2026-04-08,Drawing Book,School,10,30,50,500,300,200,40.0,Student,Card
ORD1283,2026-04-08,Highlighter,Writing,9,20,35,315,180,135,42.857142857142854,Individual,UPI
ORD1796,2026-04-08,Ball Pen,Writing,2,5,10,20,10,10,50.0,Individual,Card
ORD0889,2026-04-08,Notebook,Paper,10,35,60,600,350,250,41.66666666666667,Business,Card
ORD0409,2026-04-09,Calculator,Office,3,180,300,900,540,360,40.0,Business,Card
ORD1830,2026-04-09,Ball Pen,Writing,4,5,10,40,20,20,50.0,Student,Card
ORD1280,2026-04-09,Color Pencils,School,1,45,80,80,45,35,43.75,Business,Card
ORD0101,2026-04-09,Drawing Book,School,6,30,50,300,180,120,40.0,Individual,Card
ORD0744,2026-04-09,Color Pencils,School,4,45,80,320,180,140,43.75,Business,Cash
ORD1907,2026-04-09,Ball Pen,Writing,4,5,10,40,20,20,50.0,Business,Card
ORD0307,2026-04-09,Highlighter,Writing,2,20,35,70,40,30,42.857142857142854,Student,Cash
ORD0376,2026-04-09,Drawing Book,School,10,30,50,500,300,200,40.0,Individual,Card
ORD0719,2026-04-09,Pencil,Writing,4,4,8,32,16,16,50.0,Student,Card
ORD0420,2026-04-10,Marker,Writing,3,20,35,105,60,45,42.857142857142854,Individual,UPI
ORD0860,2026-04-10,Gel Pen,Writing,8,10,20,160,80,80,50.0,Individual,Card
ORD1384,2026-04-10,Notebook,Paper,7,35,60,420,245,175,41.66666666666667,Student,Card
ORD1202,2026-04-10,Drawing Book,School,3,30,50,150,90,60,40.0,Individual,Card
ORD0769,2026-04-10,Color Pencils,School,4,45,80,320,180,140,43.75,Individual,Card
ORD1997,2026-04-10,File,Office,4,18,35,140,72,68,48.57142857142857,Student,Card
ORD0521,2026-04-10,Ball Pen,Writing,10,5,10,100,50,50,50.0,Business,UPI
ORD0981,2026-04-10,Stapler,Office,7,45,75,525,315,210,40.0,Business,Cash
ORD0869,2026-04-10,Stapler,Office,3,45,75,225,135,90,40.0,Individual,Cash
ORD0962,2026-04-10,File,Office,6,18,35,210,108,102,48.57142857142857,Individual,Cash
ORD1681,2026-04-10,Notebook,Paper,6,35,60,360,210,150,41.66666666666667,Student,UPI
ORD0579,2026-04-11,Scissors,Office,8,25,45,360,200,160,44.44444444444444,Business,UPI
ORD1694,2026-04-11,A4 Sheets,Paper,3,180,250,750,540,210,28.000000000000004,Student,Cash
ORD1114,2026-04-11,Scissors,Office,5,25,45,225,125,100,44.44444444444444,Individual,Cash
ORD0410,2026-04-11,Gel Pen,Writing,6,10,20,120,60,60,50.0,Individual,Cash
ORD0803,2026-04-11,File,Office,7,18,35,245,126,119,48.57142857142857,Individual,Card
ORD0182,2026-04-11,Eraser,School,10,3,7,70,30,40,57.14285714285714,Student,UPI
ORD0535,2026-04-11,Glue,School,1,15,25,25,15,10,40.0,Individual,UPI
ORD0010,2026-04-12,Ball Pen,Writing,4,5,10,40,20,20,50.0,Individual,UPI
ORD1385,2026-04-12,Calculator,Office,5,180,300,1500,900,600,40.0,Individual,Cash
ORD1429,2026-04-12,Gel Pen,Writing,8,10,20,160,80,80,50.0,Business,UPI
ORD0964,2026-04-12,Drawing Book,School,9,30,50,450,270,180,40.0,Student,Card
ORD0353,2026-04-12,Eraser,School,8,3,7,56,24,32,57.14285714285714,Individual,Card
ORD0811,2026-04-12,Scissors,Office,6,25,45,270,150,120,44.44444444444444,Student,Card
ORD0396,2026-04-12,Notebook,Paper,3,35,60,180,105,75,41.66666666666667,Student,Card
ORD0558,2026-04-12,A4 Sheets,Paper,4,180,250,1000,720,280,28.000000000000004,Student,Card
ORD1530,2026-04-13,Calculator,Office,2,180,300,600,360,240,40.0,Student,Card
ORD1479,2026-04-13,Calculator,Office,3,180,300,900,540,360,40.0,Business,UPI
ORD1210,2026-04-13,Notebook,Paper,5,35,60,300,175,125,41.66666666666667,Business,Cash
ORD1882,2026-04-13,Scissors,Office,2,25,45,90,50,40,44.44444444444444,Student,Cash
ORD1761,2026-04-13,Color Pencils,School,6,45,80,480,270,210,43.75,Student,Cash
ORD1461,2026-04-13,File,Office,9,18,35,315,162,153,48.57142857142857,Business,Card
ORD1413,2026-04-13,Drawing Book,School,4,30,50,200,120,80,40.0,Student,UPI
ORD1800,2026-04-13,A4 Sheets,Paper,8,180,250,2000,1440,560,28.000000000000004,Individual,UPI
ORD1594,2026-04-13,Color Pencils,School,2,45,80,160,90,70,43.75,Business,UPI
ORD0916,2026-04-14,Scissors,Office,5,25,45,225,125,100,44.44444444444444,Student,Cash
ORD1369,2026-04-14,Glue,School,5,15,25,125,75,50,40.0,Business,Card
ORD0023,2026-04-14,Notebook,Paper,3,35,60,180,105,75,41.66666666666667,Business,UPI
ORD1956,2026-04-14,Highlighter,Writing,10,20,35,350,200,150,42.857142857142854,Business,UPI
ORD1477,2026-04-14,File,Office,7,18,35,245,126,119,48.57142857142857,Individual,Card
ORD0333,2026-04-14,Calculator,Office,5,180,300,1500,900,600,40.0,Business,UPI
ORD1129,2026-04-14,Highlighter,Writing,9,20,35,315,180,135,42.857142857142854,Student,UPI
ORD1500,2026-04-14,Calculator,Office,3,180,300,900,540,360,40.0,Individual,Cash
ORD1131,2026-04-15,Glue,School,3,15,25,75,45,30,40.0,Business,Cash
ORD0930,2026-04-15,File,Office,7,18,35,245,126,119,48.57142857142857,Business,UPI
ORD1294,2026-04-15,A4 Sheets,Paper,9,180,250,2250,1620,630,28.000000000000004,Business,Cash
ORD0001,2026-04-15,Stapler,Office,2,45,75,150,90,60,40.0,Business,Cash
ORD0191,2026-04-15,Pencil,Writing,2,4,8,16,8,8,50.0,Individual,Cash
ORD0645,2026-04-15,File,Office,7,18,35,245,126,119,48.57142857142857,Business,UPI
ORD0665,2026-04-15,Marker,Writing,2,20,35,70,40,30,42.857142857142854,Business,Card
ORD1299,2026-04-16,Highlighter,Writing,2,20,35,70,40,30,42.857142857142854,Individual,UPI
ORD0025,2026-04-16,Stapler,Office,9,45,75,675,405,270,40.0,Individual,UPI
ORD0923,2026-04-16,Glue,School,9,15,25,225,135,90,40.0,Student,Cash
ORD1196,2026-04-16,Stapler,Office,7,45,75,525,315,210,40.0,Individual,UPI
ORD1733,2026-04-16,Glue,School,10,15,25,250,150,100,40.0,Student,Cash
ORD0815,2026-04-16,Notebook,Paper,8,35,60,480,280,200,41.66666666666667,Student,Cash
ORD1929,2026-04-16,Highlighter,Writing,2,20,35,70,40,30,42.857142857142854,Student,Card
ORD1418,2026-04-16,Eraser,School,1,3,7,7,3,4,57.14285714285714,Individual,Card
ORD0842,2026-04-17,Highlighter,Writing,2,20,35,70,40,30,42.857142857142854,Student,Card
ORD1959,2026-04-17,Glue,School,1,15,25,25,15,10,40.0,Student,Card
ORD1706,2026-04-17,A4 Sheets,Paper,10,180,250,2500,1800,700,28.000000000000004,Business,UPI
ORD0598,2026-04-17,Marker,Writing,4,20,35,140,80,60,42.857142857142854,Individual,Card
ORD1320,2026-04-17,Pencil,Writing,9,4,8,72,36,36,50.0,Student,Cash
ORD1915,2026-04-17,Ball Pen,Writing,10,5,10,100,50,50,50.0,Individual,Card
ORD0880,2026-04-17,Highlighter,Writing,6,20,35,210,120,90,42.857142857142854,Individual,Cash
ORD0642,2026-04-17,Gel Pen,Writing,4,10,20,80,40,40,50.0,Student,Cash
ORD0649,2026-04-17,Highlighter,Writing,5,20,35,175,100,75,42.857142857142854,Student,UPI
ORD0664,2026-04-17,Color Pencils,School,9,45,80,720,405,315,43.75,Student,Cash
ORD0163,2026-04-18,Color Pencils,School,5,45,80,400,225,175,43.75,Student,UPI
ORD1049,2026-04-18,Scissors,Office,9,25,45,405,225,180,44.44444444444444,Individual,Card
ORD1575,2026-04-18,Stapler,Office,4,45,75,300,180,120,40.0,Business,Card
ORD1062,2026-04-18,Drawing Book,School,5,30,50,250,150,100,40.0,Business,Card
ORD1599,2026-04-18,Color Pencils,School,4,45,80,320,180,140,43.75,Business,UPI
ORD1928,2026-04-18,Color Pencils,School,9,45,80,720,405,315,43.75,Student,Cash
ORD0215,2026-04-18,Ball Pen,Writing,6,5,10,60,30,30,50.0,Student,Card
ORD0837,2026-04-19,Color Pencils,School,6,45,80,480,270,210,43.75,Individual,Cash
ORD1080,2026-04-19,Glue,School,8,15,25,200,120,80,40.0,Business,UPI
ORD1711,2026-04-19,Calculator,Office,9,180,300,2700,1620,1080,40.0,Individual,UPI
ORD1451,2026-04-19,Stapler,Office,4,45,75,300,180,120,40.0,Business,Cash
ORD0458,2026-04-19,Glue,School,1,15,25,25,15,10,40.0,Individual,UPI
ORD0921,2026-04-19,Notebook,Paper,6,35,60,360,210,150,41.66666666666667,Student,Cash
ORD0267,2026-04-20,Gel Pen,Writing,9,10,20,180,90,90,50.0,Individual,Card
ORD0555,2026-04-20,Notebook,Paper,10,35,60,600,350,250,41.66666666666667,Individual,Card
ORD0143,2026-04-20,Pencil,Writing,8,4,8,64,32,32,50.0,Business,Card
ORD0174,2026-04-20,Drawing Book,School,3,30,50,150,90,60,40.0,Student,UPI
ORD1812,2026-04-20,Stapler,Office,9,45,75,675,405,270,40.0,Student,Cash
ORD0106,2026-04-20,A4 Sheets,Paper,10,180,250,2500,1800,700,28.000000000000004,Individual,Card
ORD0327,2026-04-20,Pencil,Writing,3,4,8,24,12,12,50.0,Student,Cash
ORD1281,2026-04-20,Gel Pen,Writing,6,10,20,120,60,60,50.0,Business,Cash
ORD1133,2026-04-21,Notebook,Paper,1,35,60,60,35,25,41.66666666666667,Individual,Card
ORD0160,2026-04-21,Glue,School,3,15,25,75,45,30,40.0,Business,Cash
ORD1329,2026-04-21,Marker,Writing,7,20,35,245,140,105,42.857142857142854,Individual,UPI
ORD1746,2026-04-21,Gel Pen,Writing,10,10,20,200,100,100,50.0,Student,UPI
ORD1982,2026-04-21,Drawing Book,School,3,30,50,150,90,60,40.0,Individual,Cash
ORD0428,2026-04-21,A4 Sheets,Paper,2,180,250,500,360,140,28.000000000000004,Student,Cash
ORD1355,2026-04-21,Highlighter,Writing,8,20,35,280,160,120,42.857142857142854,Student,UPI
ORD1741,2026-04-21,Notebook,Paper,7,35,60,420,245,175,41.66666666666667,Individual,Card
ORD1717,2026-04-21,Marker,Writing,7,20,35,245,140,105,42.857142857142854,Business,Cash
ORD0142,2026-04-21,Scissors,Office,4,25,45,180,100,80,44.44444444444444,Business,UPI
ORD0893,2026-04-21,Glue,School,1,15,25,25,15,10,40.0,Individual,UPI
ORD0298,2026-04-22,Notebook,Paper,2,35,60,120,70,50,41.66666666666667,Business,Card
ORD1503,2026-04-22,Drawing Book,School,1,30,50,50,30,20,40.0,Business,Card
ORD1619,2026-04-22,Color Pencils,School,9,45,80,720,405,315,43.75,Business,Cash
ORD1328,2026-04-22,Scissors,Office,9,25,45,405,225,180,44.44444444444444,Individual,Card
ORD1988,2026-04-22,Scissors,Office,5,25,45,225,125,100,44.44444444444444,Student,Card
ORD0198,2026-04-22,Marker,Writing,1,20,35,35,20,15,42.857142857142854,Business,UPI
ORD0053,2026-04-22,Scissors,Office,9,25,45,405,225,180,44.44444444444444,Individual,UPI
ORD0135,2026-04-23,A4 Sheets,Paper,3,180,250,750,540,210,28.000000000000004,Business,UPI
ORD0727,2026-04-23,Gel Pen,Writing,3,10,20,60,30,30,50.0,Individual,Cash
ORD0927,2026-04-23,Highlighter,Writing,1,20,35,35,20,15,42.857142857142854,Business,UPI
ORD0608,2026-04-23,Calculator,Office,7,180,300,2100,1260,840,40.0,Individual,Cash
ORD1786,2026-04-23,Color Pencils,School,8,45,80,640,360,280,43.75,Student,UPI
ORD0531,2026-04-23,Glue,School,8,15,25,200,120,80,40.0,Individual,Cash
ORD1419,2026-04-23,Scissors,Office,2,25,45,90,50,40,44.44444444444444,Individual,Cash
ORD1806,2026-04-23,A4 Sheets,Paper,4,180,250,1000,720,280,28.000000000000004,Business,UPI
ORD1317,2026-04-23,A4 Sheets,Paper,7,180,250,1750,1260,490,28.000000000000004,Business,Card
ORD0619,2026-04-23,Scissors,Office,9,25,45,405,225,180,44.44444444444444,Student,Cash
ORD0315,2026-04-24,Glue,School,1,15,25,25,15,10,40.0,Individual,UPI
ORD1669,2026-04-24,File,Office,4,18,35,140,72,68,48.57142857142857,Student,Cash
ORD1297,2026-04-24,Notebook,Paper,9,35,60,540,315,225,41.66666666666667,Individual,Cash
ORD0251,2026-04-24,Notebook,Paper,7,35,60,420,245,175,41.66666666666667,Student,Cash
ORD0511,2026-04-24,Calculator,Office,3,180,300,900,540,360,40.0,Student,Card
ORD1198,2026-04-24,Pencil,Writing,6,4,8,48,24,24,50.0,Student,UPI
ORD0246,2026-04-24,Highlighter,Writing,7,20,35,245,140,105,42.857142857142854,Business,UPI
ORD0961,2026-04-24,Marker,Writing,4,20,35,140,80,60,42.857142857142854,Business,Cash
ORD0343,2026-04-24,Calculator,Office,10,180,300,3000,1800,1200,40.0,Individual,Card
ORD0248,2026-04-25,Glue,School,2,15,25,50,30,20,40.0,Student,Card
ORD0784,2026-04-25,Drawing Book,School,4,30,50,200,120,80,40.0,Student,Cash
ORD0545,2026-04-25,Highlighter,Writing,8,20,35,280,160,120,42.857142857142854,Business,UPI
ORD1840,2026-04-25,Stapler,Office,10,45,75,750,450,300,40.0,Individual,Card
ORD0065,2026-04-25,Stapler,Office,8,45,75,600,360,240,40.0,Individual,UPI
ORD1162,2026-04-25,Glue,School,5,15,25,125,75,50,40.0,Individual,Cash
ORD0527,2026-04-25,Glue,School,2,15,25,50,30,20,40.0,Business,Card
ORD0318,2026-04-25,Glue,School,7,15,25,175,105,70,40.0,Individual,UPI
ORD0168,2026-04-25,Scissors,Office,9,25,45,405,225,180,44.44444444444444,Student,UPI
ORD1120,2026-04-25,Pencil,Writing,3,4,8,24,12,12,50.0,Individual,Card
ORD0046,2026-04-25,A4 Sheets,Paper,4,180,250,1000,720,280,28.000000000000004,Student,Card
ORD0283,2026-04-26,Notebook,Paper,8,35,60,480,280,200,41.66666666666667,Student,Cash
ORD1737,2026-04-26,Drawing Book,School,10,30,50,500,300,200,40.0,Student,Card
ORD0416,2026-04-26,File,Office,4,18,35,140,72,68,48.57142857142857,Individual,Cash
ORD0100,2026-04-26,File,Office,9,18,35,315,162,153,48.57142857142857,Student,Cash
ORD0237,2026-04-26,Gel Pen,Writing,8,10,20,160,80,80,50.0,Student,Cash
ORD1784,2026-04-26,Color Pencils,School,10,45,80,800,450,350,43.75,Individual,Card
ORD0166,2026-04-26,Drawing Book,School,6,30,50,300,180,120,40.0,Student,Cash
ORD0510,2026-04-26,Eraser,School,5,3,7,35,15,20,57.14285714285714,Individual,UPI
ORD0560,2026-04-26,Gel Pen,Writing,1,10,20,20,10,10,50.0,Business,Cash
ORD1776,2026-04-26,Stapler,Office,6,45,75,450,270,180,40.0,Business,UPI
ORD0876,2026-04-27,Stapler,Office,4,45,75,300,180,120,40.0,Business,Cash
ORD1554,2026-04-27,Marker,Writing,8,20,35,280,160,120,42.857142857142854,Student,UPI
ORD1207,2026-04-27,Calculator,Office,2,180,300,600,360,240,40.0,Student,UPI
ORD1520,2026-04-27,Scissors,Office,4,25,45,180,100,80,44.44444444444444,Business,Card
ORD1493,2026-04-27,Glue,School,7,15,25,175,105,70,40.0,Individual,Cash
ORD1504,2026-04-27,Glue,School,10,15,25,250,150,100,40.0,Individual,UPI
ORD0630,2026-04-27,Calculator,Office,9,180,300,2700,1620,1080,40.0,Individual,UPI
ORD0138,2026-04-27,Notebook,Paper,1,35,60,60,35,25,41.66666666666667,Student,UPI
ORD1563,2026-04-28,Notebook,Paper,7,35,60,420,245,175,41.66666666666667,Individual,UPI
ORD0382,2026-04-28,A4 Sheets,Paper,2,180,250,500,360,140,28.000000000000004,Student,Card
ORD0393,2026-04-28,Marker,Writing,4,20,35,140,80,60,42.857142857142854,Business,UPI
ORD1927,2026-04-28,Ball Pen,Writing,8,5,10,80,40,40,50.0,Business,UPI
ORD1622,2026-04-28,Ball Pen,Writing,1,5,10,10,5,5,50.0,Individual,UPI
ORD1727,2026-04-28,A4 Sheets,Paper,9,180,250,2250,1620,630,28.000000000000004,Individual,Card
ORD0610,2026-04-28,Glue,School,9,15,25,225,135,90,40.0,Business,UPI
ORD1732,2026-04-28,Color Pencils,School,8,45,80,640,360,280,43.75,Individual,UPI
ORD0501,2026-04-29,Eraser,School,10,3,7,70,30,40,57.14285714285714,Individual,Card
ORD0971,2026-04-29,A4 Sheets,Paper,3,180,250,750,540,210,28.000000000000004,Business,UPI
ORD1424,2026-04-29,Color Pencils,School,5,45,80,400,225,175,43.75,Individual,Card
ORD0398,2026-04-29,Marker,Writing,9,20,35,315,180,135,42.857142857142854,Student,Cash
ORD0485,2026-04-29,Eraser,School,6,3,7,42,18,24,57.14285714285714,Business,Card
ORD0117,2026-04-30,Highlighter,Writing,8,20,35,280,160,120,42.857142857142854,Student,UPI
ORD1417,2026-04-30,Glue,School,8,15,25,200,120,80,40.0,Student,Cash
ORD0089,2026-04-30,File,Office,1,18,35,35,18,17,48.57142857142857,Business,Card
ORD1890,2026-04-30,Pencil,Writing,2,4,8,16,8,8,50.0,Business,Cash
ORD1366,2026-04-30,Glue,School,8,15,25,200,120,80,40.0,Student,UPI
ORD1118,2026-04-30,Ball Pen,Writing,4,5,10,40,20,20,50.0,Business,Card
ORD1552,2026-04-30,Color Pencils,School,8,45,80,640,360,280,43.75,Business,Card
ORD1553,2026-04-30,Color Pencils,School,2,45,80,160,90,70,43.75,Student,Card
ORD0702,2026-05-01,File,Office,8,18,35,280,144,136,48.57142857142857,Business,Cash
ORD1041,2026-05-01,Gel Pen,Writing,6,10,20,120,60,60,50.0,Individual,Card
ORD0011,2026-05-01,Stapler,Office,3,45,75,225,135,90,40.0,Business,Card
ORD0123,2026-05-01,Ball Pen,Writing,3,5,10,30,15,15,50.0,Business,Cash
ORD0536,2026-05-01,Glue,School,8,15,25,200,120,80,40.0,Individual,UPI
ORD1387,2026-05-01,Calculator,Office,3,180,300,900,540,360,40.0,Business,Cash
ORD0939,2026-05-01,Scissors,Office,3,25,45,135,75,60,44.44444444444444,Student,UPI
ORD1416,2026-05-01,Stapler,Office,2,45,75,150,90,60,40.0,Individual,Cash
ORD0600,2026-05-02,Eraser,School,10,3,7,70,30,40,57.14285714285714,Business,UPI
ORD0833,2026-05-02,File,Office,9,18,35,315,162,153,48.57142857142857,Student,UPI
ORD1593,2026-05-02,Stapler,Office,1,45,75,75,45,30,40.0,Business,UPI
ORD0231,2026-05-02,Gel Pen,Writing,6,10,20,120,60,60,50.0,Individual,Card
ORD1577,2026-05-02,File,Office,3,18,35,105,54,51,48.57142857142857,Business,Cash
ORD0468,2026-05-02,Calculator,Office,10,180,300,3000,1800,1200,40.0,Student,Cash
ORD1316,2026-05-03,Pencil,Writing,4,4,8,32,16,16,50.0,Individual,Card
ORD0799,2026-05-03,File,Office,5,18,35,175,90,85,48.57142857142857,Individual,UPI
ORD0816,2026-05-03,Scissors,Office,5,25,45,225,125,100,44.44444444444444,Business,Card
ORD1726,2026-05-03,Eraser,School,4,3,7,28,12,16,57.14285714285714,Student,Card
ORD0937,2026-05-03,Marker,Writing,4,20,35,140,80,60,42.857142857142854,Student,Card
ORD0331,2026-05-03,File,Office,6,18,35,210,108,102,48.57142857142857,Student,UPI
ORD0696,2026-05-03,Drawing Book,School,9,30,50,450,270,180,40.0,Individual,Card
ORD1540,2026-05-03,Drawing Book,School,7,30,50,350,210,140,40.0,Individual,UPI
ORD1183,2026-05-03,Gel Pen,Writing,1,10,20,20,10,10,50.0,Student,Card
ORD1571,2026-05-03,Gel Pen,Writing,4,10,20,80,40,40,50.0,Business,Card
ORD1150,2026-05-03,Pencil,Writing,3,4,8,24,12,12,50.0,Business,Cash
ORD1050,2026-05-03,Drawing Book,School,4,30,50,200,120,80,40.0,Business,Card
ORD1064,2026-05-04,Color Pencils,School,7,45,80,560,315,245,43.75,Individual,Cash
ORD1570,2026-05-04,Gel Pen,Writing,6,10,20,120,60,60,50.0,Student,UPI
ORD0373,2026-05-04,Notebook,Paper,3,35,60,180,105,75,41.66666666666667,Student,Card
ORD0310,2026-05-04,Ball Pen,Writing,9,5,10,90,45,45,50.0,Student,UPI
ORD0498,2026-05-05,Scissors,Office,9,25,45,405,225,180,44.44444444444444,Student,Card
ORD1655,2026-05-05,Gel Pen,Writing,3,10,20,60,30,30,50.0,Individual,Card
ORD0390,2026-05-05,Ball Pen,Writing,1,5,10,10,5,5,50.0,Business,Card
ORD1847,2026-05-05,Scissors,Office,2,25,45,90,50,40,44.44444444444444,Individual,Card
ORD0432,2026-05-06,Pencil,Writing,2,4,8,16,8,8,50.0,Student,Card
ORD1309,2026-05-06,Ball Pen,Writing,8,5,10,80,40,40,50.0,Student,Cash
ORD1223,2026-05-06,Eraser,School,5,3,7,35,15,20,57.14285714285714,Individual,Cash
ORD1166,2026-05-06,Scissors,Office,1,25,45,45,25,20,44.44444444444444,Individual,Cash
ORD0354,2026-05-06,Color Pencils,School,3,45,80,240,135,105,43.75,Individual,Cash
ORD1205,2026-05-07,Marker,Writing,7,20,35,245,140,105,42.857142857142854,Student,Card
ORD1060,2026-05-07,Marker,Writing,2,20,35,70,40,30,42.857142857142854,Individual,Cash
ORD1130,2026-05-07,Gel Pen,Writing,9,10,20,180,90,90,50.0,Student,Cash
ORD1053,2026-05-07,Stapler,Office,3,45,75,225,135,90,40.0,Individual,Cash
ORD1663,2026-05-07,A4 Sheets,Paper,2,180,250,500,360,140,28.000000000000004,Student,UPI
ORD0352,2026-05-07,Calculator,Office,9,180,300,2700,1620,1080,40.0,Student,Cash
ORD0564,2026-05-07,File,Office,3,18,35,105,54,51,48.57142857142857,Student,Cash
ORD0853,2026-05-07,Calculator,Office,3,180,300,900,540,360,40.0,Individual,UPI
ORD0614,2026-05-08,Ball Pen,Writing,7,5,10,70,35,35,50.0,Student,UPI
ORD0378,2026-05-08,Stapler,Office,4,45,75,300,180,120,40.0,Individual,Cash
ORD1798,2026-05-08,Notebook,Paper,4,35,60,240,140,100,41.66666666666667,Student,UPI
ORD1645,2026-05-08,Ball Pen,Writing,3,5,10,30,15,15,50.0,Business,Card
ORD1291,2026-05-08,Drawing Book,School,4,30,50,200,120,80,40.0,Individual,Cash
ORD0660,2026-05-08,Glue,School,9,15,25,225,135,90,40.0,Student,Card
ORD1918,2026-05-08,Drawing Book,School,9,30,50,450,270,180,40.0,Individual,UPI
ORD0369,2026-05-08,Stapler,Office,7,45,75,525,315,210,40.0,Business,UPI
ORD1601,2026-05-09,Stapler,Office,1,45,75,75,45,30,40.0,Student,UPI
ORD1491,2026-05-09,Marker,Writing,4,20,35,140,80,60,42.857142857142854,Business,Card
ORD1887,2026-05-09,Ball Pen,Writing,8,5,10,80,40,40,50.0,Individual,UPI
ORD0577,2026-05-10,Highlighter,Writing,6,20,35,210,120,90,42.857142857142854,Business,Card
ORD0219,2026-05-10,File,Office,1,18,35,35,18,17,48.57142857142857,Student,Card
ORD1917,2026-05-10,Calculator,Office,1,180,300,300,180,120,40.0,Student,Card
ORD0336,2026-05-10,Drawing Book,School,10,30,50,500,300,200,40.0,Individual,UPI
ORD1745,2026-05-10,Highlighter,Writing,7,20,35,245,140,105,42.857142857142854,Student,UPI
ORD1044,2026-05-10,Marker,Writing,7,20,35,245,140,105,42.857142857142854,Individual,Cash
ORD1352,2026-05-10,Highlighter,Writing,3,20,35,105,60,45,42.857142857142854,Business,Cash
ORD1383,2026-05-10,A4 Sheets,Paper,5,180,250,1250,900,350,28.000000000000004,Business,UPI
ORD1565,2026-05-10,Scissors,Office,5,25,45,225,125,100,44.44444444444444,Individual,Card
ORD0795,2026-05-10,Notebook,Paper,2,35,60,120,70,50,41.66666666666667,Individual,Cash
ORD0822,2026-05-11,File,Office,5,18,35,175,90,85,48.57142857142857,Individual,Card
ORD1314,2026-05-11,Highlighter,Writing,5,20,35,175,100,75,42.857142857142854,Business,Card
ORD1857,2026-05-11,Calculator,Office,7,180,300,2100,1260,840,40.0,Student,Cash
ORD0855,2026-05-11,Calculator,Office,8,180,300,2400,1440,960,40.0,Business,Cash
ORD1158,2026-05-11,Calculator,Office,7,180,300,2100,1260,840,40.0,Student,Card
ORD1353,2026-05-11,Eraser,School,1,3,7,7,3,4,57.14285714285714,Individual,UPI
ORD0911,2026-05-11,Gel Pen,Writing,6,10,20,120,60,60,50.0,Individual,Card
ORD1123,2026-05-11,Stapler,Office,8,45,75,600,360,240,40.0,Student,Card
ORD1343,2026-05-11,Drawing Book,School,9,30,50,450,270,180,40.0,Business,Cash
ORD1144,2026-05-11,Ball Pen,Writing,3,5,10,30,15,15,50.0,Individual,Card
ORD0781,2026-05-11,Highlighter,Writing,5,20,35,175,100,75,42.857142857142854,Student,UPI
ORD1934,2026-05-11,Notebook,Paper,9,35,60,540,315,225,41.66666666666667,Business,Card
ORD1377,2026-05-11,Calculator,Office,2,180,300,600,360,240,40.0,Student,Cash
ORD1939,2026-05-11,Glue,School,8,15,25,200,120,80,40.0,Student,Cash
ORD1077,2026-05-12,Marker,Writing,8,20,35,280,160,120,42.857142857142854,Business,Cash
ORD1901,2026-05-12,Pencil,Writing,10,4,8,80,40,40,50.0,Individual,Card
ORD0863,2026-05-12,Glue,School,9,15,25,225,135,90,40.0,Student,UPI
ORD1101,2026-05-12,A4 Sheets,Paper,1,180,250,250,180,70,28.000000000000004,Business,Cash
ORD0505,2026-05-12,Stapler,Office,6,45,75,450,270,180,40.0,Individual,Cash
ORD0102,2026-05-13,Ball Pen,Writing,7,5,10,70,35,35,50.0,Business,Cash
ORD0663,2026-05-13,Notebook,Paper,1,35,60,60,35,25,41.66666666666667,Individual,Card
ORD1459,2026-05-13,Calculator,Office,3,180,300,900,540,360,40.0,Individual,Card
ORD0681,2026-05-13,Drawing Book,School,1,30,50,50,30,20,40.0,Business,Card
ORD1791,2026-05-13,Marker,Writing,3,20,35,105,60,45,42.857142857142854,Business,UPI
ORD1432,2026-05-13,Drawing Book,School,9,30,50,450,270,180,40.0,Individual,UPI
ORD1016,2026-05-14,Notebook,Paper,9,35,60,540,315,225,41.66666666666667,Student,UPI
ORD0542,2026-05-14,Scissors,Office,1,25,45,45,25,20,44.44444444444444,Business,UPI
ORD0984,2026-05-14,Glue,School,6,15,25,150,90,60,40.0,Individual,UPI
ORD1427,2026-05-14,Eraser,School,9,3,7,63,27,36,57.14285714285714,Student,Card
ORD0316,2026-05-14,Pencil,Writing,4,4,8,32,16,16,50.0,Student,Cash
ORD1156,2026-05-15,Stapler,Office,2,45,75,150,90,60,40.0,Individual,Card
ORD1754,2026-05-15,Stapler,Office,6,45,75,450,270,180,40.0,Student,Card
ORD1690,2026-05-15,Marker,Writing,7,20,35,245,140,105,42.857142857142854,Individual,UPI
ORD0483,2026-05-15,Ball Pen,Writing,4,5,10,40,20,20,50.0,Student,UPI
ORD1629,2026-05-15,A4 Sheets,Paper,2,180,250,500,360,140,28.000000000000004,Individual,Cash
ORD1789,2026-05-15,A4 Sheets,Paper,6,180,250,1500,1080,420,28.000000000000004,Student,Card
ORD0720,2026-05-15,File,Office,4,18,35,140,72,68,48.57142857142857,Business,Cash
ORD1644,2026-05-15,Stapler,Office,8,45,75,600,360,240,40.0,Student,Cash
ORD1367,2026-05-15,Stapler,Office,9,45,75,675,405,270,40.0,Business,UPI
ORD0693,2026-05-15,Color Pencils,School,10,45,80,800,450,350,43.75,Student,Card
ORD1763,2026-05-16,Eraser,School,6,3,7,42,18,24,57.14285714285714,Business,Card
ORD0252,2026-05-16,Gel Pen,Writing,3,10,20,60,30,30,50.0,Individual,Card
ORD0293,2026-05-16,Scissors,Office,10,25,45,450,250,200,44.44444444444444,Business,UPI
ORD1288,2026-05-16,Scissors,Office,1,25,45,45,25,20,44.44444444444444,Business,UPI
ORD1892,2026-05-16,Highlighter,Writing,10,20,35,350,200,150,42.857142857142854,Individual,Card
ORD1065,2026-05-16,Color Pencils,School,7,45,80,560,315,245,43.75,Student,UPI
ORD1705,2026-05-16,Scissors,Office,1,25,45,45,25,20,44.44444444444444,Student,Card
ORD1181,2026-05-16,Gel Pen,Writing,10,10,20,200,100,100,50.0,Business,Cash
ORD1894,2026-05-16,A4 Sheets,Paper,5,180,250,1250,900,350,28.000000000000004,Individual,UPI
ORD0088,2026-05-16,Ball Pen,Writing,1,5,10,10,5,5,50.0,Student,Cash
ORD1154,2026-05-16,Notebook,Paper,3,35,60,180,105,75,41.66666666666667,Student,Card
ORD0879,2026-05-16,Highlighter,Writing,9,20,35,315,180,135,42.857142857142854,Individual,Cash
ORD0671,2026-05-17,Scissors,Office,5,25,45,225,125,100,44.44444444444444,Student,UPI
ORD1958,2026-05-17,Scissors,Office,4,25,45,180,100,80,44.44444444444444,Business,UPI
ORD1926,2026-05-17,Marker,Writing,2,20,35,70,40,30,42.857142857142854,Student,Card
ORD0786,2026-05-17,Calculator,Office,1,180,300,300,180,120,40.0,Business,UPI
ORD1740,2026-05-17,File,Office,1,18,35,35,18,17,48.57142857142857,Business,UPI
ORD1430,2026-05-17,Color Pencils,School,8,45,80,640,360,280,43.75,Business,UPI
ORD0291,2026-05-17,File,Office,4,18,35,140,72,68,48.57142857142857,Student,UPI
ORD1019,2026-05-18,A4 Sheets,Paper,5,180,250,1250,900,350,28.000000000000004,Business,UPI
ORD0026,2026-05-18,Ball Pen,Writing,8,5,10,80,40,40,50.0,Business,Cash
ORD0541,2026-05-18,Pencil,Writing,9,4,8,72,36,36,50.0,Individual,Cash
ORD1842,2026-05-18,Color Pencils,School,1,45,80,80,45,35,43.75,Individual,Cash
ORD1514,2026-05-18,Scissors,Office,2,25,45,90,50,40,44.44444444444444,Business,UPI
ORD1079,2026-05-19,Eraser,School,7,3,7,49,21,28,57.14285714285714,Student,Cash
ORD0765,2026-05-19,Pencil,Writing,9,4,8,72,36,36,50.0,Business,Cash
ORD1720,2026-05-19,File,Office,2,18,35,70,36,34,48.57142857142857,Student,UPI
ORD1852,2026-05-19,Glue,School,1,15,25,25,15,10,40.0,Business,UPI
ORD0526,2026-05-19,Scissors,Office,10,25,45,450,250,200,44.44444444444444,Business,Cash
ORD0201,2026-05-19,Stapler,Office,3,45,75,225,135,90,40.0,Business,UPI
ORD0682,2026-05-19,Calculator,Office,10,180,300,3000,1800,1200,40.0,Business,UPI
ORD1632,2026-05-20,Marker,Writing,6,20,35,210,120,90,42.857142857142854,Individual,Card
ORD1933,2026-05-20,Marker,Writing,10,20,35,350,200,150,42.857142857142854,Student,Card
ORD1777,2026-05-20,Notebook,Paper,3,35,60,180,105,75,41.66666666666667,Student,Card
ORD0519,2026-05-20,Pencil,Writing,7,4,8,56,28,28,50.0,Individual,UPI
ORD0229,2026-05-20,Ball Pen,Writing,4,5,10,40,20,20,50.0,Individual,UPI
ORD0539,2026-05-20,Scissors,Office,4,25,45,180,100,80,44.44444444444444,Individual,UPI
ORD0271,2026-05-20,Calculator,Office,2,180,300,600,360,240,40.0,Individual,Card
ORD0013,2026-05-21,A4 Sheets,Paper,1,180,250,250,180,70,28.000000000000004,Business,Cash
ORD1781,2026-05-21,Marker,Writing,6,20,35,210,120,90,42.857142857142854,Student,UPI
ORD1308,2026-05-21,Drawing Book,School,10,30,50,500,300,200,40.0,Business,Cash
ORD1639,2026-05-21,Drawing Book,School,9,30,50,450,270,180,40.0,Student,UPI
ORD1496,2026-05-21,Gel Pen,Writing,4,10,20,80,40,40,50.0,Student,Cash
ORD1100,2026-05-21,Drawing Book,School,6,30,50,300,180,120,40.0,Business,Cash
ORD1750,2026-05-22,Drawing Book,School,10,30,50,500,300,200,40.0,Business,UPI
ORD1910,2026-05-22,Gel Pen,Writing,2,10,20,40,20,20,50.0,Business,Card
ORD0655,2026-05-22,Ball Pen,Writing,10,5,10,100,50,50,50.0,Student,Card
ORD1823,2026-05-22,Pencil,Writing,5,4,8,40,20,20,50.0,Individual,Card
ORD0131,2026-05-22,Marker,Writing,10,20,35,350,200,150,42.857142857142854,Individual,Cash
ORD0154,2026-05-22,Stapler,Office,4,45,75,300,180,120,40.0,Student,Card
ORD0524,2026-05-22,Glue,School,10,15,25,250,150,100,40.0,Student,Cash
ORD0082,2026-05-22,Color Pencils,School,4,45,80,320,180,140,43.75,Business,Cash
ORD0746,2026-05-22,Drawing Book,School,4,30,50,200,120,80,40.0,Business,Card
ORD0881,2026-05-22,Marker,Writing,5,20,35,175,100,75,42.857142857142854,Individual,UPI
ORD1611,2026-05-23,Scissors,Office,6,25,45,270,150,120,44.44444444444444,Student,Card
ORD0289,2026-05-23,Marker,Writing,9,20,35,315,180,135,42.857142857142854,Individual,Card
ORD1279,2026-05-23,Marker,Writing,6,20,35,210,120,90,42.857142857142854,Student,Card
ORD0778,2026-05-23,Eraser,School,3,3,7,21,9,12,57.14285714285714,Business,Cash
ORD0121,2026-05-23,Pencil,Writing,2,4,8,16,8,8,50.0,Business,UPI
ORD1513,2026-05-23,Marker,Writing,8,20,35,280,160,120,42.857142857142854,Student,Cash
ORD0386,2026-05-23,Stapler,Office,9,45,75,675,405,270,40.0,Student,Card
ORD0145,2026-05-23,Marker,Writing,9,20,35,315,180,135,42.857142857142854,Individual,Card
ORD1152,2026-05-23,Gel Pen,Writing,5,10,20,100,50,50,50.0,Business,UPI
ORD1025,2026-05-23,Gel Pen,Writing,4,10,20,80,40,40,50.0,Business,Cash
ORD0788,2026-05-23,File,Office,1,18,35,35,18,17,48.57142857142857,Student,UPI
ORD0091,2026-05-24,Calculator,Office,6,180,300,1800,1080,720,40.0,Individual,Cash
ORD1957,2026-05-24,Stapler,Office,10,45,75,750,450,300,40.0,Individual,Card
ORD1457,2026-05-24,Glue,School,6,15,25,150,90,60,40.0,Student,UPI
ORD1402,2026-05-24,Notebook,Paper,3,35,60,180,105,75,41.66666666666667,Individual,Cash
ORD1391,2026-05-24,Highlighter,Writing,7,20,35,245,140,105,42.857142857142854,Individual,UPI
ORD0281,2026-05-24,Pencil,Writing,6,4,8,48,24,24,50.0,Student,Card
ORD1597,2026-05-24,Highlighter,Writing,10,20,35,350,200,150,42.857142857142854,Student,UPI
ORD1177,2026-05-24,Eraser,School,3,3,7,21,9,12,57.14285714285714,Business,Card
ORD1040,2026-05-24,Gel Pen,Writing,2,10,20,40,20,20,50.0,Student,Cash
ORD0358,2026-05-24,Notebook,Paper,8,35,60,480,280,200,41.66666666666667,Student,Cash
ORD1683,2026-05-24,Drawing Book,School,10,30,50,500,300,200,40.0,Individual,Cash
ORD1921,2026-05-24,Ball Pen,Writing,2,5,10,20,10,10,50.0,Student,Cash
ORD1574,2026-05-24,Color Pencils,School,10,45,80,800,450,350,43.75,Business,Card
ORD0452,2026-05-24,Pencil,Writing,6,4,8,48,24,24,50.0,Student,Card
ORD0615,2026-05-24,Scissors,Office,4,25,45,180,100,80,44.44444444444444,Student,Cash
ORD1220,2026-05-24,File,Office,6,18,35,210,108,102,48.57142857142857,Business,Cash
ORD0949,2026-05-24,Stapler,Office,1,45,75,75,45,30,40.0,Student,UPI
ORD0124,2026-05-24,A4 Sheets,Paper,1,180,250,250,180,70,28.000000000000004,Student,Card
ORD0222,2026-05-25,Glue,School,1,15,25,25,15,10,40.0,Individual,Cash
ORD1111,2026-05-25,Drawing Book,School,4,30,50,200,120,80,40.0,Student,UPI
ORD1811,2026-05-25,Marker,Writing,4,20,35,140,80,60,42.857142857142854,Individual,Card
ORD0859,2026-05-25,Marker,Writing,9,20,35,315,180,135,42.857142857142854,Student,UPI
ORD0728,2026-05-25,Stapler,Office,8,45,75,600,360,240,40.0,Individual,Card
ORD1068,2026-05-25,Scissors,Office,1,25,45,45,25,20,44.44444444444444,Student,Cash
ORD0791,2026-05-25,Gel Pen,Writing,7,10,20,140,70,70,50.0,Student,UPI
ORD0836,2026-05-25,Color Pencils,School,10,45,80,800,450,350,43.75,Student,Card
ORD0760,2026-05-25,File,Office,8,18,35,280,144,136,48.57142857142857,Business,Card
ORD0576,2026-05-26,Ball Pen,Writing,9,5,10,90,45,45,50.0,Individual,Card
ORD0951,2026-05-26,Eraser,School,7,3,7,49,21,28,57.14285714285714,Individual,Card
ORD1411,2026-05-26,Glue,School,1,15,25,25,15,10,40.0,Business,Card
ORD0189,2026-05-26,Ball Pen,Writing,9,5,10,90,45,45,50.0,Student,Cash
ORD1115,2026-05-26,Pencil,Writing,4,4,8,32,16,16,50.0,Business,UPI
ORD1234,2026-05-26,Calculator,Office,2,180,300,600,360,240,40.0,Individual,UPI
ORD1466,2026-05-26,Glue,School,10,15,25,250,150,100,40.0,Individual,UPI
ORD0345,2026-05-27,Marker,Writing,9,20,35,315,180,135,42.857142857142854,Individual,Cash
ORD0861,2026-05-27,Glue,School,6,15,25,150,90,60,40.0,Student,Cash
ORD0126,2026-05-27,Gel Pen,Writing,1,10,20,20,10,10,50.0,Student,Card
ORD0945,2026-05-27,Eraser,School,5,3,7,35,15,20,57.14285714285714,Individual,UPI
ORD0808,2026-05-27,Ball Pen,Writing,4,5,10,40,20,20,50.0,Individual,UPI
ORD1884,2026-05-27,File,Office,7,18,35,245,126,119,48.57142857142857,Student,UPI
ORD0604,2026-05-27,Glue,School,1,15,25,25,15,10,40.0,Student,UPI
ORD1679,2026-05-27,Color Pencils,School,9,45,80,720,405,315,43.75,Business,Card
ORD0351,2026-05-27,Pencil,Writing,8,4,8,64,32,32,50.0,Individual,Card
ORD1488,2026-05-27,Gel Pen,Writing,2,10,20,40,20,20,50.0,Student,UPI
ORD1464,2026-05-27,Ball Pen,Writing,10,5,10,100,50,50,50.0,Business,Cash
ORD1581,2026-05-27,Calculator,Office,6,180,300,1800,1080,720,40.0,Individual,Card
ORD0308,2026-05-27,Gel Pen,Writing,2,10,20,40,20,20,50.0,Business,UPI
ORD0282,2026-05-28,Drawing Book,School,8,30,50,400,240,160,40.0,Business,UPI
ORD1305,2026-05-28,Glue,School,2,15,25,50,30,20,40.0,Business,Cash
ORD0152,2026-05-28,Eraser,School,7,3,7,49,21,28,57.14285714285714,Business,Cash
ORD1242,2026-05-28,Eraser,School,4,3,7,28,12,16,57.14285714285714,Student,Card
ORD0741,2026-05-28,File,Office,7,18,35,245,126,119,48.57142857142857,Individual,Cash
ORD0934,2026-05-28,Glue,School,1,15,25,25,15,10,40.0,Business,Card
ORD1423,2026-05-28,Highlighter,Writing,2,20,35,70,40,30,42.857142857142854,Individual,Card
ORD0943,2026-05-28,Drawing Book,School,4,30,50,200,120,80,40.0,Student,Cash
ORD0033,2026-05-28,Scissors,Office,7,25,45,315,175,140,44.44444444444444,Student,Card
ORD0915,2026-05-28,Calculator,Office,4,180,300,1200,720,480,40.0,Individual,Card
ORD1238,2026-05-29,Eraser,School,5,3,7,35,15,20,57.14285714285714,Business,UPI
ORD0097,2026-05-29,Ball Pen,Writing,9,5,10,90,45,45,50.0,Individual,Cash
ORD0496,2026-05-29,Ball Pen,Writing,9,5,10,90,45,45,50.0,Student,Card
ORD0066,2026-05-29,Marker,Writing,7,20,35,245,140,105,42.857142857142854,Individual,Cash
ORD0742,2026-05-29,Notebook,Paper,7,35,60,420,245,175,41.66666666666667,Individual,Card
ORD0922,2026-05-29,Highlighter,Writing,2,20,35,70,40,30,42.857142857142854,Student,Cash
ORD0731,2026-05-29,Glue,School,5,15,25,125,75,50,40.0,Business,UPI
ORD0970,2026-05-30,Highlighter,Writing,8,20,35,280,160,120,42.857142857142854,Individual,Cash
ORD1993,2026-05-30,Marker,Writing,9,20,35,315,180,135,42.857142857142854,Business,UPI
ORD1365,2026-05-30,Highlighter,Writing,2,20,35,70,40,30,42.857142857142854,Business,Card
ORD0228,2026-05-30,Gel Pen,Writing,7,10,20,140,70,70,50.0,Student,Cash
ORD0986,2026-05-30,Highlighter,Writing,4,20,35,140,80,60,42.857142857142854,Individual,Cash
ORD1074,2026-05-30,Highlighter,Writing,4,20,35,140,80,60,42.857142857142854,Student,Cash
ORD1930,2026-05-30,Ball Pen,Writing,3,5,10,30,15,15,50.0,Individual,Card
ORD1780,2026-05-30,Gel Pen,Writing,4,10,20,80,40,40,50.0,Individual,Card
ORD1742,2026-05-31,Drawing Book,School,10,30,50,500,300,200,40.0,Student,Card
ORD1284,2026-05-31,A4 Sheets,Paper,8,180,250,2000,1440,560,28.000000000000004,Business,Cash
ORD1620,2026-05-31,Highlighter,Writing,4,20,35,140,80,60,42.857142857142854,Student,Card
ORD1161,2026-05-31,A4 Sheets,Paper,8,180,250,2000,1440,560,28.000000000000004,Individual,Card
ORD1013,2026-05-31,Highlighter,Writing,9,20,35,315,180,135,42.857142857142854,Business,UPI
ORD1960,2026-05-31,File,Office,2,18,35,70,36,34,48.57142857142857,Business,UPI
ORD0054,2026-05-31,A4 Sheets,Paper,10,180,250,2500,1800,700,28.000000000000004,Individual,Card
ORD0794,2026-06-01,Glue,School,7,15,25,175,105,70,40.0,Individual,UPI
ORD1935,2026-06-01,Ball Pen,Writing,9,5,10,90,45,45,50.0,Business,UPI
ORD0989,2026-06-01,Glue,School,10,15,25,250,150,100,40.0,Business,Cash
ORD0455,2026-06-01,Glue,School,4,15,25,100,60,40,40.0,Individual,Card
ORD0370,2026-06-01,Calculator,Office,10,180,300,3000,1800,1200,40.0,Business,Cash
ORD0361,2026-06-01,Calculator,Office,8,180,300,2400,1440,960,40.0,Business,Card
ORD1298,2026-06-01,Gel Pen,Writing,10,10,20,200,100,100,50.0,Business,Card
ORD0817,2026-06-01,Highlighter,Writing,7,20,35,245,140,105,42.857142857142854,Student,UPI
ORD0867,2026-06-01,Eraser,School,2,3,7,14,6,8,57.14285714285714,Student,Card
ORD0752,2026-06-01,Eraser,School,9,3,7,63,27,36,57.14285714285714,Student,Cash
ORD0513,2026-06-02,A4 Sheets,Paper,1,180,250,250,180,70,28.000000000000004,Business,Cash
ORD0804,2026-06-02,Glue,School,5,15,25,125,75,50,40.0,Business,UPI
ORD1643,2026-06-02,Drawing Book,School,1,30,50,50,30,20,40.0,Business,Cash
ORD1296,2026-06-02,Marker,Writing,2,20,35,70,40,30,42.857142857142854,Individual,Card
ORD0040,2026-06-02,Drawing Book,School,1,30,50,50,30,20,40.0,Individual,UPI
ORD0489,2026-06-02,Stapler,Office,2,45,75,150,90,60,40.0,Individual,UPI
ORD0265,2026-06-02,Color Pencils,School,4,45,80,320,180,140,43.75,Individual,Cash
ORD1212,2026-06-02,Eraser,School,4,3,7,28,12,16,57.14285714285714,Business,Cash
ORD1232,2026-06-02,Scissors,Office,7,25,45,315,175,140,44.44444444444444,Business,Card
ORD0389,2026-06-03,Highlighter,Writing,4,20,35,140,80,60,42.857142857142854,Student,UPI
ORD0887,2026-06-03,Glue,School,10,15,25,250,150,100,40.0,Business,UPI
ORD1709,2026-06-03,File,Office,9,18,35,315,162,153,48.57142857142857,Business,Cash
ORD0830,2026-06-03,Glue,School,10,15,25,250,150,100,40.0,Individual,Card
ORD0150,2026-06-03,Notebook,Paper,8,35,60,480,280,200,41.66666666666667,Individual,UPI
ORD0482,2026-06-03,Ball Pen,Writing,7,5,10,70,35,35,50.0,Student,UPI
ORD1995,2026-06-03,Stapler,Office,7,45,75,525,315,210,40.0,Student,Card
ORD0686,2026-06-04,Color Pencils,School,5,45,80,400,225,175,43.75,Student,Cash
ORD0982,2026-06-04,File,Office,4,18,35,140,72,68,48.57142857142857,Individual,UPI
ORD1436,2026-06-04,File,Office,7,18,35,245,126,119,48.57142857142857,Business,Card
ORD0796,2026-06-04,Notebook,Paper,4,35,60,240,140,100,41.66666666666667,Business,Card
ORD0988,2026-06-04,Highlighter,Writing,2,20,35,70,40,30,42.857142857142854,Student,Cash
ORD0654,2026-06-04,Highlighter,Writing,7,20,35,245,140,105,42.857142857142854,Business,Cash
ORD0208,2026-06-04,File,Office,10,18,35,350,180,170,48.57142857142857,Business,Cash
ORD1790,2026-06-04,Ball Pen,Writing,7,5,10,70,35,35,50.0,Business,UPI
ORD1636,2026-06-05,Eraser,School,5,3,7,35,15,20,57.14285714285714,Business,Cash
ORD1848,2026-06-05,File,Office,4,18,35,140,72,68,48.57142857142857,Student,Card
ORD0235,2026-06-05,Gel Pen,Writing,2,10,20,40,20,20,50.0,Business,Cash
ORD1941,2026-06-05,Color Pencils,School,6,45,80,480,270,210,43.75,Student,UPI
ORD0713,2026-06-05,Notebook,Paper,7,35,60,420,245,175,41.66666666666667,Individual,Cash
ORD0551,2026-06-05,A4 Sheets,Paper,8,180,250,2000,1440,560,28.000000000000004,Business,UPI
ORD0169,2026-06-05,Glue,School,10,15,25,250,150,100,40.0,Business,Card
ORD0341,2026-06-05,File,Office,5,18,35,175,90,85,48.57142857142857,Individual,Card
ORD0090,2026-06-06,Calculator,Office,4,180,300,1200,720,480,40.0,Business,Cash
ORD0400,2026-06-06,Scissors,Office,9,25,45,405,225,180,44.44444444444444,Student,UPI
ORD1168,2026-06-06,Glue,School,9,15,25,225,135,90,40.0,Student,Card
ORD1474,2026-06-06,Color Pencils,School,6,45,80,480,270,210,43.75,Business,UPI
ORD0103,2026-06-06,A4 Sheets,Paper,5,180,250,1250,900,350,28.000000000000004,Individual,Cash
ORD0633,2026-06-06,Marker,Writing,5,20,35,175,100,75,42.857142857142854,Individual,UPI
ORD0445,2026-06-07,Ball Pen,Writing,7,5,10,70,35,35,50.0,Student,UPI
ORD1861,2026-06-07,Color Pencils,School,10,45,80,800,450,350,43.75,Individual,Cash
ORD0238,2026-06-07,Calculator,Office,10,180,300,3000,1800,1200,40.0,Business,Cash
ORD1501,2026-06-07,Pencil,Writing,1,4,8,8,4,4,50.0,Student,Card
ORD1610,2026-06-07,File,Office,4,18,35,140,72,68,48.57142857142857,Business,UPI
ORD1903,2026-06-07,Scissors,Office,1,25,45,45,25,20,44.44444444444444,Student,Card
ORD1953,2026-06-07,Notebook,Paper,3,35,60,180,105,75,41.66666666666667,Business,Card
ORD1029,2026-06-07,Glue,School,8,15,25,200,120,80,40.0,Business,Cash
ORD0490,2026-06-08,Color Pencils,School,2,45,80,160,90,70,43.75,Business,Cash
ORD1723,2026-06-08,Gel Pen,Writing,9,10,20,180,90,90,50.0,Business,UPI
ORD1031,2026-06-08,Drawing Book,School,10,30,50,500,300,200,40.0,Business,Card
ORD1072,2026-06-09,Glue,School,8,15,25,200,120,80,40.0,Individual,Cash
ORD1662,2026-06-09,Marker,Writing,6,20,35,210,120,90,42.857142857142854,Individual,Card
ORD0533,2026-06-09,A4 Sheets,Paper,5,180,250,1250,900,350,28.000000000000004,Individual,UPI
ORD1951,2026-06-09,A4 Sheets,Paper,8,180,250,2000,1440,560,28.000000000000004,Individual,Card
ORD0278,2026-06-09,Glue,School,9,15,25,225,135,90,40.0,Business,Card
ORD1649,2026-06-09,File,Office,5,18,35,175,90,85,48.57142857142857,Student,UPI
ORD1356,2026-06-09,Gel Pen,Writing,5,10,20,100,50,50,50.0,Student,Cash
ORD0426,2026-06-09,Drawing Book,School,3,30,50,150,90,60,40.0,Individual,Cash
ORD1991,2026-06-09,Marker,Writing,8,20,35,280,160,120,42.857142857142854,Individual,Cash
ORD1561,2026-06-09,Glue,School,7,15,25,175,105,70,40.0,Student,UPI
ORD1243,2026-06-10,Eraser,School,4,3,7,28,12,16,57.14285714285714,Business,UPI
ORD0966,2026-06-10,Pencil,Writing,2,4,8,16,8,8,50.0,Business,Cash
ORD0770,2026-06-10,Gel Pen,Writing,7,10,20,140,70,70,50.0,Business,Card
ORD1623,2026-06-10,Calculator,Office,1,180,300,300,180,120,40.0,Individual,UPI
ORD0946,2026-06-10,Color Pencils,School,1,45,80,80,45,35,43.75,Individual,UPI
ORD1407,2026-06-10,Scissors,Office,9,25,45,405,225,180,44.44444444444444,Individual,Card
ORD1255,2026-06-10,Marker,Writing,3,20,35,105,60,45,42.857142857142854,Business,Card
ORD1729,2026-06-10,Glue,School,9,15,25,225,135,90,40.0,Individual,UPI
ORD0184,2026-06-10,Gel Pen,Writing,3,10,20,60,30,30,50.0,Individual,UPI
ORD1715,2026-06-10,Marker,Writing,8,20,35,280,160,120,42.857142857142854,Business,Cash
ORD1303,2026-06-10,Calculator,Office,6,180,300,1800,1080,720,40.0,Individual,Cash
ORD0553,2026-06-11,Ball Pen,Writing,2,5,10,20,10,10,50.0,Student,UPI
ORD1855,2026-06-11,Drawing Book,School,3,30,50,150,90,60,40.0,Individual,Cash
ORD0257,2026-06-11,Marker,Writing,7,20,35,245,140,105,42.857142857142854,Business,Cash
ORD1986,2026-06-11,A4 Sheets,Paper,3,180,250,750,540,210,28.000000000000004,Student,Card
ORD1178,2026-06-11,Calculator,Office,10,180,300,3000,1800,1200,40.0,Individual,UPI
ORD1883,2026-06-11,Calculator,Office,1,180,300,300,180,120,40.0,Student,UPI
ORD1185,2026-06-11,Gel Pen,Writing,1,10,20,20,10,10,50.0,Individual,Cash
ORD1710,2026-06-11,Drawing Book,School,1,30,50,50,30,20,40.0,Individual,UPI
ORD0896,2026-06-11,Notebook,Paper,2,35,60,120,70,50,41.66666666666667,Business,Cash
ORD1375,2026-06-11,Gel Pen,Writing,10,10,20,200,100,100,50.0,Student,UPI
ORD1834,2026-06-11,Notebook,Paper,3,35,60,180,105,75,41.66666666666667,Individual,UPI
ORD0581,2026-06-11,Eraser,School,4,3,7,28,12,16,57.14285714285714,Individual,Cash
ORD0438,2026-06-11,Scissors,Office,4,25,45,180,100,80,44.44444444444444,Individual,Cash
ORD0968,2026-06-12,Glue,School,6,15,25,150,90,60,40.0,Individual,Card
ORD1481,2026-06-12,Color Pencils,School,1,45,80,80,45,35,43.75,Business,UPI
ORD1368,2026-06-12,Ball Pen,Writing,2,5,10,20,10,10,50.0,Business,Cash
ORD1664,2026-06-12,File,Office,7,18,35,245,126,119,48.57142857142857,Individual,UPI
ORD0567,2026-06-13,Calculator,Office,6,180,300,1800,1080,720,40.0,Business,Cash
ORD1113,2026-06-13,Stapler,Office,9,45,75,675,405,270,40.0,Student,UPI
ORD1197,2026-06-13,File,Office,9,18,35,315,162,153,48.57142857142857,Business,Cash
ORD1544,2026-06-13,Glue,School,1,15,25,25,15,10,40.0,Student,Cash
ORD1484,2026-06-13,A4 Sheets,Paper,5,180,250,1250,900,350,28.000000000000004,Individual,UPI
ORD0716,2026-06-13,Marker,Writing,3,20,35,105,60,45,42.857142857142854,Individual,UPI
ORD1400,2026-06-14,Calculator,Office,8,180,300,2400,1440,960,40.0,Individual,Card
ORD0037,2026-06-14,Pencil,Writing,9,4,8,72,36,36,50.0,Business,Cash
ORD1492,2026-06-14,Ball Pen,Writing,6,5,10,60,30,30,50.0,Student,Card
ORD0543,2026-06-14,Calculator,Office,9,180,300,2700,1620,1080,40.0,Business,UPI
ORD0851,2026-06-14,Color Pencils,School,3,45,80,240,135,105,43.75,Student,UPI
ORD1348,2026-06-15,Calculator,Office,9,180,300,2700,1620,1080,40.0,Individual,Card
ORD0478,2026-06-15,Eraser,School,8,3,7,56,24,32,57.14285714285714,Individual,Card
ORD1191,2026-06-15,Drawing Book,School,5,30,50,250,150,100,40.0,Business,UPI
ORD1401,2026-06-15,Glue,School,2,15,25,50,30,20,40.0,Student,UPI
ORD1339,2026-06-15,Glue,School,10,15,25,250,150,100,40.0,Student,UPI
ORD1452,2026-06-15,Stapler,Office,1,45,75,75,45,30,40.0,Student,UPI
ORD0443,2026-06-15,Scissors,Office,6,25,45,270,150,120,44.44444444444444,Business,UPI
ORD1980,2026-06-15,Stapler,Office,1,45,75,75,45,30,40.0,Individual,Card
ORD1259,2026-06-15,Glue,School,1,15,25,25,15,10,40.0,Business,UPI
ORD1572,2026-06-16,Notebook,Paper,10,35,60,600,350,250,41.66666666666667,Student,UPI
ORD1021,2026-06-16,Ball Pen,Writing,2,5,10,20,10,10,50.0,Individual,UPI
ORD0292,2026-06-16,Color Pencils,School,4,45,80,320,180,140,43.75,Student,UPI
ORD0715,2026-06-16,Notebook,Paper,7,35,60,420,245,175,41.66666666666667,Business,UPI
ORD1637,2026-06-16,Stapler,Office,1,45,75,75,45,30,40.0,Business,Cash
ORD0721,2026-06-16,A4 Sheets,Paper,3,180,250,750,540,210,28.000000000000004,Student,Cash
ORD1568,2026-06-16,Notebook,Paper,6,35,60,360,210,150,41.66666666666667,Business,UPI
ORD1767,2026-06-17,File,Office,8,18,35,280,144,136,48.57142857142857,Individual,Card
ORD0303,2026-06-17,Glue,School,8,15,25,200,120,80,40.0,Individual,UPI
ORD1428,2026-06-17,Stapler,Office,3,45,75,225,135,90,40.0,Individual,UPI
ORD0492,2026-06-17,File,Office,3,18,35,105,54,51,48.57142857142857,Business,UPI
ORD0659,2026-06-17,Highlighter,Writing,3,20,35,105,60,45,42.857142857142854,Student,UPI
ORD1858,2026-06-17,Calculator,Office,1,180,300,300,180,120,40.0,Business,Cash
ORD0620,2026-06-17,Pencil,Writing,8,4,8,64,32,32,50.0,Business,UPI
ORD1851,2026-06-18,Glue,School,10,15,25,250,150,100,40.0,Individual,Cash
ORD1325,2026-06-18,Scissors,Office,9,25,45,405,225,180,44.44444444444444,Individual,UPI
ORD0967,2026-06-18,Pencil,Writing,10,4,8,80,40,40,50.0,Student,UPI
ORD1363,2026-06-18,A4 Sheets,Paper,3,180,250,750,540,210,28.000000000000004,Student,UPI
ORD1453,2026-06-18,Highlighter,Writing,5,20,35,175,100,75,42.857142857142854,Business,Cash
ORD1712,2026-06-18,Calculator,Office,6,180,300,1800,1080,720,40.0,Individual,UPI
ORD1985,2026-06-19,A4 Sheets,Paper,3,180,250,750,540,210,28.000000000000004,Business,UPI
ORD1003,2026-06-19,Notebook,Paper,3,35,60,180,105,75,41.66666666666667,Business,Card
ORD1979,2026-06-19,Calculator,Office,2,180,300,600,360,240,40.0,Individual,Cash
ORD1465,2026-06-19,Drawing Book,School,8,30,50,400,240,160,40.0,Individual,UPI
ORD0540,2026-06-19,Glue,School,8,15,25,200,120,80,40.0,Individual,UPI
ORD1779,2026-06-19,Marker,Writing,9,20,35,315,180,135,42.857142857142854,Student,UPI
ORD1420,2026-06-19,Marker,Writing,3,20,35,105,60,45,42.857142857142854,Individual,UPI
ORD0144,2026-06-20,Glue,School,3,15,25,75,45,30,40.0,Individual,Cash
ORD0028,2026-06-20,Color Pencils,School,10,45,80,800,450,350,43.75,Business,UPI
ORD0270,2026-06-20,Eraser,School,7,3,7,49,21,28,57.14285714285714,Business,Card
ORD1521,2026-06-20,Eraser,School,6,3,7,42,18,24,57.14285714285714,Business,UPI
ORD1494,2026-06-20,Marker,Writing,1,20,35,35,20,15,42.857142857142854,Student,UPI
ORD1782,2026-06-20,Calculator,Office,4,180,300,1200,720,480,40.0,Student,Card
ORD1853,2026-06-20,Drawing Book,School,10,30,50,500,300,200,40.0,Student,Card
ORD0462,2026-06-20,Scissors,Office,10,25,45,450,250,200,44.44444444444444,Individual,Cash
ORD1666,2026-06-20,A4 Sheets,Paper,1,180,250,250,180,70,28.000000000000004,Individual,Card
ORD1218,2026-06-20,File,Office,7,18,35,245,126,119,48.57142857142857,Individual,UPI
ORD0707,2026-06-20,Highlighter,Writing,8,20,35,280,160,120,42.857142857142854,Individual,Card
ORD0856,2026-06-20,Stapler,Office,10,45,75,750,450,300,40.0,Individual,UPI
ORD1973,2026-06-20,File,Office,2,18,35,70,36,34,48.57142857142857,Individual,Cash
ORD1945,2026-06-21,Highlighter,Writing,2,20,35,70,40,30,42.857142857142854,Individual,Cash
ORD1443,2026-06-21,Color Pencils,School,10,45,80,800,450,350,43.75,Business,UPI
ORD0080,2026-06-21,Pencil,Writing,8,4,8,64,32,32,50.0,Individual,UPI
ORD0161,2026-06-21,Glue,School,4,15,25,100,60,40,40.0,Individual,UPI
ORD1752,2026-06-21,Glue,School,1,15,25,25,15,10,40.0,Business,Cash
ORD1672,2026-06-21,Stapler,Office,10,45,75,750,450,300,40.0,Student,Cash
ORD1364,2026-06-21,Stapler,Office,8,45,75,600,360,240,40.0,Business,Card
ORD0692,2026-06-21,A4 Sheets,Paper,7,180,250,1750,1260,490,28.000000000000004,Individual,Card
ORD1160,2026-06-22,Gel Pen,Writing,6,10,20,120,60,60,50.0,Business,Card
ORD0787,2026-06-22,Color Pencils,School,2,45,80,160,90,70,43.75,Business,UPI
ORD1529,2026-06-22,Pencil,Writing,5,4,8,40,20,20,50.0,Student,UPI
ORD0477,2026-06-22,File,Office,6,18,35,210,108,102,48.57142857142857,Student,Cash
ORD1251,2026-06-22,Glue,School,6,15,25,150,90,60,40.0,Student,Card
ORD1948,2026-06-22,Highlighter,Writing,1,20,35,35,20,15,42.857142857142854,Individual,Card
ORD1978,2026-06-22,Color Pencils,School,2,45,80,160,90,70,43.75,Individual,UPI
ORD0397,2026-06-23,File,Office,10,18,35,350,180,170,48.57142857142857,Business,Cash
ORD1825,2026-06-23,Eraser,School,8,3,7,56,24,32,57.14285714285714,Student,Cash
ORD0852,2026-06-23,Calculator,Office,7,180,300,2100,1260,840,40.0,Student,Card
ORD1675,2026-06-23,Gel Pen,Writing,1,10,20,20,10,10,50.0,Individual,Card
ORD0844,2026-06-23,Notebook,Paper,1,35,60,60,35,25,41.66666666666667,Business,Cash
ORD1913,2026-06-23,File,Office,1,18,35,35,18,17,48.57142857142857,Student,Cash
ORD1608,2026-06-23,Highlighter,Writing,4,20,35,140,80,60,42.857142857142854,Individual,Card
ORD0340,2026-06-24,File,Office,3,18,35,105,54,51,48.57142857142857,Student,UPI
ORD0969,2026-06-24,Eraser,School,5,3,7,35,15,20,57.14285714285714,Business,Card
ORD1950,2026-06-24,Pencil,Writing,8,4,8,64,32,32,50.0,Individual,Cash
ORD1940,2026-06-24,Glue,School,1,15,25,25,15,10,40.0,Student,Card
ORD0223,2026-06-24,Notebook,Paper,1,35,60,60,35,25,41.66666666666667,Business,Card
ORD0185,2026-06-24,Drawing Book,School,9,30,50,450,270,180,40.0,Student,Cash
ORD1011,2026-06-24,Marker,Writing,10,20,35,350,200,150,42.857142857142854,Student,Cash
ORD1089,2026-06-24,A4 Sheets,Paper,1,180,250,250,180,70,28.000000000000004,Individual,Card
ORD1028,2026-06-24,A4 Sheets,Paper,8,180,250,2000,1440,560,28.000000000000004,Individual,Cash
ORD0096,2026-06-24,Drawing Book,School,1,30,50,50,30,20,40.0,Business,Cash
ORD1833,2026-06-25,Pencil,Writing,1,4,8,8,4,4,50.0,Student,Cash
ORD1526,2026-06-25,Notebook,Paper,2,35,60,120,70,50,41.66666666666667,Student,UPI
ORD0202,2026-06-25,Color Pencils,School,10,45,80,800,450,350,43.75,Student,Cash
ORD1596,2026-06-25,Calculator,Office,5,180,300,1500,900,600,40.0,Business,Cash
ORD1860,2026-06-25,Color Pencils,School,4,45,80,320,180,140,43.75,Individual,Card
ORD0183,2026-06-25,Color Pencils,School,4,45,80,320,180,140,43.75,Student,Card
ORD1517,2026-06-25,Notebook,Paper,7,35,60,420,245,175,41.66666666666667,Individual,Cash
ORD0192,2026-06-26,Pencil,Writing,6,4,8,48,24,24,50.0,Individual,UPI
ORD0140,2026-06-26,Calculator,Office,5,180,300,1500,900,600,40.0,Student,Card
ORD0914,2026-06-26,Calculator,Office,3,180,300,900,540,360,40.0,Individual,Cash
ORD1509,2026-06-26,Scissors,Office,3,25,45,135,75,60,44.44444444444444,Student,Card
ORD0328,2026-06-26,A4 Sheets,Paper,8,180,250,2000,1440,560,28.000000000000004,Business,Card
ORD0773,2026-06-26,Scissors,Office,3,25,45,135,75,60,44.44444444444444,Business,Card
ORD1409,2026-06-26,Gel Pen,Writing,4,10,20,80,40,40,50.0,Individual,UPI
ORD1656,2026-06-27,Notebook,Paper,6,35,60,360,210,150,41.66666666666667,Business,Card
ORD0841,2026-06-27,Calculator,Office,8,180,300,2400,1440,960,40.0,Student,Cash
ORD0820,2026-06-27,Eraser,School,9,3,7,63,27,36,57.14285714285714,Business,UPI
ORD0780,2026-06-27,Glue,School,1,15,25,25,15,10,40.0,Individual,Card
ORD1370,2026-06-27,Stapler,Office,1,45,75,75,45,30,40.0,Student,Card
ORD0305,2026-06-27,Glue,School,6,15,25,150,90,60,40.0,Individual,Card
ORD1555,2026-06-27,Highlighter,Writing,9,20,35,315,180,135,42.857142857142854,Individual,Card
ORD1052,2026-06-27,Ball Pen,Writing,10,5,10,100,50,50,50.0,Business,UPI
ORD0912,2026-06-28,Highlighter,Writing,3,20,35,105,60,45,42.857142857142854,Individual,UPI
ORD0474,2026-06-28,Notebook,Paper,9,35,60,540,315,225,41.66666666666667,Student,Cash
ORD0177,2026-06-28,Drawing Book,School,3,30,50,150,90,60,40.0,Individual,Cash
ORD0127,2026-06-28,Pencil,Writing,3,4,8,24,12,12,50.0,Individual,Card
ORD1801,2026-06-28,Gel Pen,Writing,7,10,20,140,70,70,50.0,Individual,UPI
ORD0936,2026-06-28,Calculator,Office,10,180,300,3000,1800,1200,40.0,Student,Cash
ORD1793,2026-06-28,Calculator,Office,6,180,300,1800,1080,720,40.0,Individual,UPI
ORD1996,2026-06-28,A4 Sheets,Paper,2,180,250,500,360,140,28.000000000000004,Individual,UPI
ORD0057,2026-06-28,Color Pencils,School,6,45,80,480,270,210,43.75,Individual,Card
ORD1889,2026-06-28,Glue,School,8,15,25,200,120,80,40.0,Student,UPI
ORD0726,2026-06-28,File,Office,9,18,35,315,162,153,48.57142857142857,Individual,Cash
ORD1213,2026-06-28,Marker,Writing,8,20,35,280,160,120,42.857142857142854,Individual,Card
ORD1323,2026-06-29,Color Pencils,School,1,45,80,80,45,35,43.75,Individual,Cash
ORD1876,2026-06-29,Calculator,Office,9,180,300,2700,1620,1080,40.0,Student,UPI
ORD0074,2026-06-29,Scissors,Office,9,25,45,405,225,180,44.44444444444444,Student,UPI
ORD0828,2026-06-29,Stapler,Office,4,45,75,300,180,120,40.0,Student,Cash
ORD1005,2026-06-29,Pencil,Writing,9,4,8,72,36,36,50.0,Individual,UPI
ORD1445,2026-06-29,Color Pencils,School,9,45,80,720,405,315,43.75,Business,Card
ORD0440,2026-06-29,Scissors,Office,10,25,45,450,250,200,44.44444444444444,Business,Cash
ORD1458,2026-06-29,Stapler,Office,10,45,75,750,450,300,40.0,Individual,Cash
ORD1455,2026-06-29,Gel Pen,Writing,4,10,20,80,40,40,50.0,Student,Card
ORD0439,2026-06-30,Highlighter,Writing,8,20,35,280,160,120,42.857142857142854,Individual,Cash
ORD1002,2026-06-30,A4 Sheets,Paper,3,180,250,750,540,210,28.000000000000004,Student,UPI
ORD0997,2026-06-30,A4 Sheets,Paper,2,180,250,500,360,140,28.000000000000004,Business,UPI
ORD0075,2026-06-30,Glue,School,8,15,25,200,120,80,40.0,Business,UPI
ORD1498,2026-06-30,Gel Pen,Writing,2,10,20,40,20,20,50.0,Individual,Card
ORD0772,2026-06-30,Color Pencils,School,3,45,80,240,135,105,43.75,Student,UPI
ORD0027,2026-06-30,Ball Pen,Writing,5,5,10,50,25,25,50.0,Individual,UPI
ORD1507,2026-07-01,Ball Pen,Writing,6,5,10,60,30,30,50.0,Individual,UPI
ORD0595,2026-07-01,Eraser,School,6,3,7,42,18,24,57.14285714285714,Student,Card
ORD0285,2026-07-01,Gel Pen,Writing,2,10,20,40,20,20,50.0,Individual,Cash
ORD0058,2026-07-01,Scissors,Office,5,25,45,225,125,100,44.44444444444444,Student,Cash
ORD1880,2026-07-01,Calculator,Office,8,180,300,2400,1440,960,40.0,Individual,UPI
ORD0883,2026-07-01,File,Office,1,18,35,35,18,17,48.57142857142857,Business,Cash
ORD1473,2026-07-01,Calculator,Office,10,180,300,3000,1800,1200,40.0,Business,Card
ORD0319,2026-07-01,Glue,School,1,15,25,25,15,10,40.0,Student,Card
ORD0284,2026-07-01,Stapler,Office,3,45,75,225,135,90,40.0,Student,UPI
ORD0041,2026-07-01,Notebook,Paper,9,35,60,540,315,225,41.66666666666667,Individual,Cash
ORD1900,2026-07-02,Color Pencils,School,2,45,80,160,90,70,43.75,Individual,UPI
ORD0244,2026-07-02,Ball Pen,Writing,5,5,10,50,25,25,50.0,Student,Card
ORD1994,2026-07-02,A4 Sheets,Paper,3,180,250,750,540,210,28.000000000000004,Student,Cash
ORD0908,2026-07-02,Color Pencils,School,4,45,80,320,180,140,43.75,Business,UPI
ORD0793,2026-07-02,Color Pencils,School,7,45,80,560,315,245,43.75,Student,Card
ORD1454,2026-07-02,Color Pencils,School,9,45,80,720,405,315,43.75,Business,Cash
ORD1302,2026-07-02,Gel Pen,Writing,8,10,20,160,80,80,50.0,Individual,UPI
ORD0703,2026-07-02,A4 Sheets,Paper,3,180,250,750,540,210,28.000000000000004,Student,Card
ORD1778,2026-07-03,Ball Pen,Writing,8,5,10,80,40,40,50.0,Student,Card
ORD1435,2026-07-03,Glue,School,1,15,25,25,15,10,40.0,Business,UPI
ORD1106,2026-07-03,Drawing Book,School,7,30,50,350,210,140,40.0,Student,UPI
ORD0995,2026-07-03,Scissors,Office,4,25,45,180,100,80,44.44444444444444,Individual,Cash
ORD1916,2026-07-03,Glue,School,1,15,25,25,15,10,40.0,Student,UPI
ORD1046,2026-07-03,A4 Sheets,Paper,2,180,250,500,360,140,28.000000000000004,Business,UPI
ORD1318,2026-07-04,Gel Pen,Writing,5,10,20,100,50,50,50.0,Business,UPI
ORD1322,2026-07-04,Highlighter,Writing,5,20,35,175,100,75,42.857142857142854,Student,Cash
ORD1265,2026-07-04,Notebook,Paper,5,35,60,300,175,125,41.66666666666667,Individual,Card
ORD0797,2026-07-04,Ball Pen,Writing,8,5,10,80,40,40,50.0,Business,Card
ORD0674,2026-07-04,Glue,School,2,15,25,50,30,20,40.0,Student,Card
ORD0417,2026-07-05,Highlighter,Writing,6,20,35,210,120,90,42.857142857142854,Business,UPI
ORD1221,2026-07-05,Highlighter,Writing,9,20,35,315,180,135,42.857142857142854,Individual,Cash
ORD0296,2026-07-05,Marker,Writing,4,20,35,140,80,60,42.857142857142854,Individual,UPI
ORD0317,2026-07-05,Marker,Writing,4,20,35,140,80,60,42.857142857142854,Individual,UPI
ORD0020,2026-07-05,A4 Sheets,Paper,8,180,250,2000,1440,560,28.000000000000004,Student,Card
ORD0024,2026-07-05,File,Office,2,18,35,70,36,34,48.57142857142857,Student,UPI
ORD1954,2026-07-05,Drawing Book,School,1,30,50,50,30,20,40.0,Student,UPI
ORD0419,2026-07-05,Scissors,Office,10,25,45,450,250,200,44.44444444444444,Student,Card
ORD1086,2026-07-06,Ball Pen,Writing,10,5,10,100,50,50,50.0,Student,Cash
ORD1039,2026-07-06,Drawing Book,School,3,30,50,150,90,60,40.0,Business,Card
ORD1936,2026-07-06,File,Office,1,18,35,35,18,17,48.57142857142857,Business,Card
ORD1153,2026-07-06,Ball Pen,Writing,4,5,10,40,20,20,50.0,Business,UPI
ORD1748,2026-07-06,Scissors,Office,5,25,45,225,125,100,44.44444444444444,Business,Cash
ORD1813,2026-07-06,Eraser,School,4,3,7,28,12,16,57.14285714285714,Business,Card
ORD0149,2026-07-06,Glue,School,6,15,25,150,90,60,40.0,Individual,UPI
ORD0044,2026-07-06,Scissors,Office,6,25,45,270,150,120,44.44444444444444,Student,Cash
ORD1839,2026-07-06,Ball Pen,Writing,6,5,10,60,30,30,50.0,Student,Card
ORD1088,2026-07-06,Highlighter,Writing,6,20,35,210,120,90,42.857142857142854,Individual,Card
ORD1347,2026-07-06,Notebook,Paper,6,35,60,360,210,150,41.66666666666667,Business,Card
ORD0125,2026-07-07,Drawing Book,School,5,30,50,250,150,100,40.0,Student,Card
ORD1942,2026-07-07,Stapler,Office,6,45,75,450,270,180,40.0,Individual,UPI
ORD1698,2026-07-07,Marker,Writing,7,20,35,245,140,105,42.857142857142854,Individual,Card
ORD0261,2026-07-07,Notebook,Paper,10,35,60,600,350,250,41.66666666666667,Individual,UPI
ORD1551,2026-07-07,Pencil,Writing,6,4,8,48,24,24,50.0,Individual,Cash
ORD0242,2026-07-07,Ball Pen,Writing,2,5,10,20,10,10,50.0,Business,Cash
ORD0952,2026-07-07,Ball Pen,Writing,4,5,10,40,20,20,50.0,Student,UPI
ORD1633,2026-07-07,Notebook,Paper,4,35,60,240,140,100,41.66666666666667,Business,UPI
ORD1300,2026-07-08,Pencil,Writing,6,4,8,48,24,24,50.0,Student,Card
ORD0950,2026-07-08,A4 Sheets,Paper,4,180,250,1000,720,280,28.000000000000004,Individual,Cash
ORD0627,2026-07-08,File,Office,9,18,35,315,162,153,48.57142857142857,Business,Card
ORD0467,2026-07-08,Scissors,Office,9,25,45,405,225,180,44.44444444444444,Business,Card
ORD0038,2026-07-08,Pencil,Writing,6,4,8,48,24,24,50.0,Business,Card
ORD0119,2026-07-08,Eraser,School,7,3,7,49,21,28,57.14285714285714,Individual,Card
ORD1522,2026-07-08,A4 Sheets,Paper,4,180,250,1000,720,280,28.000000000000004,Business,UPI
ORD1708,2026-07-09,Drawing Book,School,10,30,50,500,300,200,40.0,Business,Card
ORD1701,2026-07-09,Pencil,Writing,10,4,8,80,40,40,50.0,Individual,Card
ORD1835,2026-07-09,Gel Pen,Writing,5,10,20,100,50,50,50.0,Student,UPI
ORD0809,2026-07-09,File,Office,7,18,35,245,126,119,48.57142857142857,Business,Card
ORD1179,2026-07-09,Glue,School,4,15,25,100,60,40,40.0,Individual,Cash
ORD1056,2026-07-09,Color Pencils,School,8,45,80,640,360,280,43.75,Business,Cash
ORD1426,2026-07-09,Ball Pen,Writing,3,5,10,30,15,15,50.0,Student,UPI
ORD1405,2026-07-09,Highlighter,Writing,10,20,35,350,200,150,42.857142857142854,Business,Cash
ORD0933,2026-07-09,Gel Pen,Writing,2,10,20,40,20,20,50.0,Student,UPI
ORD0618,2026-07-09,Color Pencils,School,9,45,80,720,405,315,43.75,Student,Cash
ORD1814,2026-07-09,Pencil,Writing,3,4,8,24,12,12,50.0,Business,Card
ORD1164,2026-07-09,Calculator,Office,1,180,300,300,180,120,40.0,Individual,UPI
ORD0262,2026-07-10,Scissors,Office,10,25,45,450,250,200,44.44444444444444,Individual,Card
ORD0528,2026-07-10,Scissors,Office,6,25,45,270,150,120,44.44444444444444,Business,Card
ORD0807,2026-07-10,Calculator,Office,3,180,300,900,540,360,40.0,Individual,UPI
ORD1962,2026-07-10,A4 Sheets,Paper,2,180,250,500,360,140,28.000000000000004,Student,Cash
ORD0603,2026-07-10,Ball Pen,Writing,7,5,10,70,35,35,50.0,Student,UPI
ORD0497,2026-07-11,File,Office,9,18,35,315,162,153,48.57142857142857,Individual,UPI
ORD0823,2026-07-11,Glue,School,2,15,25,50,30,20,40.0,Student,Cash
ORD1821,2026-07-11,Calculator,Office,5,180,300,1500,900,600,40.0,Business,Cash
ORD0977,2026-07-11,Glue,School,3,15,25,75,45,30,40.0,Business,Card
ORD1794,2026-07-11,Ball Pen,Writing,7,5,10,70,35,35,50.0,Business,Card
ORD1541,2026-07-11,Highlighter,Writing,8,20,35,280,160,120,42.857142857142854,Individual,Cash
ORD1766,2026-07-11,Color Pencils,School,7,45,80,560,315,245,43.75,Business,Card
ORD0565,2026-07-11,Marker,Writing,4,20,35,140,80,60,42.857142857142854,Business,Card
ORD0034,2026-07-11,Notebook,Paper,10,35,60,600,350,250,41.66666666666667,Business,Cash
ORD1937,2026-07-11,Drawing Book,School,2,30,50,100,60,40,40.0,Individual,Card
ORD1042,2026-07-11,Color Pencils,School,6,45,80,480,270,210,43.75,Student,Cash
ORD1505,2026-07-11,Pencil,Writing,9,4,8,72,36,36,50.0,Student,Cash
ORD1524,2026-07-11,Highlighter,Writing,10,20,35,350,200,150,42.857142857142854,Business,Card
ORD0042,2026-07-11,Marker,Writing,6,20,35,210,120,90,42.857142857142854,Student,Card
ORD0301,2026-07-11,Highlighter,Writing,9,20,35,315,180,135,42.857142857142854,Business,Cash
ORD1217,2026-07-12,Glue,School,2,15,25,50,30,20,40.0,Business,UPI
ORD1386,2026-07-12,Gel Pen,Writing,7,10,20,140,70,70,50.0,Individual,Card
ORD0850,2026-07-12,Calculator,Office,6,180,300,1800,1080,720,40.0,Individual,Cash
ORD0275,2026-07-13,Highlighter,Writing,9,20,35,315,180,135,42.857142857142854,Student,Cash
ORD0016,2026-07-13,Calculator,Office,1,180,300,300,180,120,40.0,Individual,Cash
ORD1351,2026-07-13,Highlighter,Writing,3,20,35,105,60,45,42.857142857142854,Business,UPI
ORD1172,2026-07-13,A4 Sheets,Paper,7,180,250,1750,1260,490,28.000000000000004,Student,Cash
ORD0153,2026-07-13,Scissors,Office,4,25,45,180,100,80,44.44444444444444,Business,UPI
ORD0684,2026-07-13,Color Pencils,School,6,45,80,480,270,210,43.75,Individual,Cash
ORD1728,2026-07-13,Notebook,Paper,4,35,60,240,140,100,41.66666666666667,Student,Card
ORD1511,2026-07-13,Color Pencils,School,4,45,80,320,180,140,43.75,Individual,Cash
ORD1972,2026-07-14,Ball Pen,Writing,2,5,10,20,10,10,50.0,Student,Card
ORD1896,2026-07-14,Calculator,Office,2,180,300,600,360,240,40.0,Business,Cash
ORD0465,2026-07-14,A4 Sheets,Paper,4,180,250,1000,720,280,28.000000000000004,Student,Card
ORD1799,2026-07-14,Pencil,Writing,2,4,8,16,8,8,50.0,Student,Card
ORD1142,2026-07-14,Color Pencils,School,10,45,80,800,450,350,43.75,Individual,UPI
ORD1437,2026-07-14,Calculator,Office,1,180,300,300,180,120,40.0,Business,Card
ORD1233,2026-07-14,Color Pencils,School,10,45,80,800,450,350,43.75,Student,Cash
ORD0502,2026-07-14,Stapler,Office,7,45,75,525,315,210,40.0,Student,Cash
ORD1219,2026-07-14,Marker,Writing,1,20,35,35,20,15,42.857142857142854,Business,Cash
ORD1361,2026-07-14,Calculator,Office,4,180,300,1200,720,480,40.0,Individual,UPI
ORD0147,2026-07-14,Highlighter,Writing,10,20,35,350,200,150,42.857142857142854,Student,Card
ORD1938,2026-07-14,A4 Sheets,Paper,7,180,250,1750,1260,490,28.000000000000004,Individual,UPI
ORD0132,2026-07-14,Calculator,Office,9,180,300,2700,1620,1080,40.0,Student,Cash
ORD1671,2026-07-15,Pencil,Writing,7,4,8,56,28,28,50.0,Individual,UPI
ORD1651,2026-07-15,Stapler,Office,7,45,75,525,315,210,40.0,Individual,Cash
ORD0313,2026-07-15,Glue,School,3,15,25,75,45,30,40.0,Individual,UPI
ORD0367,2026-07-15,Color Pencils,School,1,45,80,80,45,35,43.75,Student,Card
ORD0621,2026-07-15,Gel Pen,Writing,5,10,20,100,50,50,50.0,Business,Cash
ORD1475,2026-07-15,Scissors,Office,6,25,45,270,150,120,44.44444444444444,Individual,Cash
ORD1589,2026-07-15,Pencil,Writing,8,4,8,64,32,32,50.0,Business,Cash
ORD0031,2026-07-15,Eraser,School,5,3,7,35,15,20,57.14285714285714,Business,Card
ORD1822,2026-07-15,Pencil,Writing,9,4,8,72,36,36,50.0,Student,UPI
ORD1262,2026-07-16,Pencil,Writing,7,4,8,56,28,28,50.0,Business,UPI
ORD0514,2026-07-16,Drawing Book,School,5,30,50,250,150,100,40.0,Student,Cash
ORD1952,2026-07-16,Highlighter,Writing,8,20,35,280,160,120,42.857142857142854,Individual,UPI
ORD0051,2026-07-16,Drawing Book,School,4,30,50,200,120,80,40.0,Business,Cash
ORD1340,2026-07-16,A4 Sheets,Paper,6,180,250,1500,1080,420,28.000000000000004,Individual,Cash
ORD1998,2026-07-16,Color Pencils,School,3,45,80,240,135,105,43.75,Business,Cash
ORD1525,2026-07-16,Gel Pen,Writing,2,10,20,40,20,20,50.0,Individual,UPI
ORD0043,2026-07-17,File,Office,5,18,35,175,90,85,48.57142857142857,Individual,Card
ORD0680,2026-07-17,Scissors,Office,4,25,45,180,100,80,44.44444444444444,Business,UPI
ORD0994,2026-07-17,Stapler,Office,5,45,75,375,225,150,40.0,Business,UPI
ORD1096,2026-07-17,Eraser,School,4,3,7,28,12,16,57.14285714285714,Student,UPI
ORD1943,2026-07-17,Notebook,Paper,5,35,60,300,175,125,41.66666666666667,Student,Card
ORD1510,2026-07-17,Glue,School,10,15,25,250,150,100,40.0,Individual,Card
ORD0890,2026-07-17,Eraser,School,1,3,7,7,3,4,57.14285714285714,Student,UPI
ORD0388,2026-07-17,Ball Pen,Writing,3,5,10,30,15,15,50.0,Business,Card
ORD1838,2026-07-17,File,Office,3,18,35,105,54,51,48.57142857142857,Individual,UPI
ORD0314,2026-07-17,Drawing Book,School,3,30,50,150,90,60,40.0,Business,UPI
ORD1582,2026-07-17,Gel Pen,Writing,8,10,20,160,80,80,50.0,Student,Cash
ORD0955,2026-07-18,File,Office,6,18,35,210,108,102,48.57142857142857,Student,Cash
ORD0832,2026-07-18,Pencil,Writing,7,4,8,56,28,28,50.0,Student,Cash
ORD1809,2026-07-18,Gel Pen,Writing,1,10,20,20,10,10,50.0,Student,UPI
ORD0387,2026-07-18,Eraser,School,3,3,7,21,9,12,57.14285714285714,Student,Card
ORD1730,2026-07-18,Drawing Book,School,4,30,50,200,120,80,40.0,Business,UPI
ORD0517,2026-07-18,Marker,Writing,5,20,35,175,100,75,42.857142857142854,Individual,Cash
ORD1324,2026-07-18,Calculator,Office,2,180,300,600,360,240,40.0,Student,UPI
ORD1478,2026-07-19,Marker,Writing,7,20,35,245,140,105,42.857142857142854,Individual,Card
ORD1562,2026-07-19,Pencil,Writing,5,4,8,40,20,20,50.0,Student,Cash
ORD1946,2026-07-19,Gel Pen,Writing,9,10,20,180,90,90,50.0,Business,Card
ORD1047,2026-07-19,Stapler,Office,10,45,75,750,450,300,40.0,Individual,UPI
ORD1282,2026-07-19,Highlighter,Writing,8,20,35,280,160,120,42.857142857142854,Individual,Cash
ORD1126,2026-07-19,Stapler,Office,7,45,75,525,315,210,40.0,Individual,UPI
ORD0729,2026-07-19,Gel Pen,Writing,6,10,20,120,60,60,50.0,Business,Card
ORD1147,2026-07-19,Calculator,Office,2,180,300,600,360,240,40.0,Student,Card
ORD1260,2026-07-19,Calculator,Office,1,180,300,300,180,120,40.0,Business,UPI
ORD0280,2026-07-19,Marker,Writing,8,20,35,280,160,120,42.857142857142854,Student,UPI
ORD1159,2026-07-19,Glue,School,9,15,25,225,135,90,40.0,Individual,UPI
ORD0689,2026-07-19,Notebook,Paper,6,35,60,360,210,150,41.66666666666667,Business,Card
ORD1961,2026-07-20,Glue,School,1,15,25,25,15,10,40.0,Business,UPI
ORD0486,2026-07-20,Drawing Book,School,7,30,50,350,210,140,40.0,Individual,Cash
ORD1476,2026-07-20,Calculator,Office,8,180,300,2400,1440,960,40.0,Student,UPI
ORD0197,2026-07-20,Marker,Writing,7,20,35,245,140,105,42.857142857142854,Individual,Cash
ORD0919,2026-07-21,Eraser,School,10,3,7,70,30,40,57.14285714285714,Business,Cash
ORD0085,2026-07-21,Marker,Writing,4,20,35,140,80,60,42.857142857142854,Business,Cash
ORD0139,2026-07-21,Drawing Book,School,10,30,50,500,300,200,40.0,Business,Card
ORD0754,2026-07-21,A4 Sheets,Paper,9,180,250,2250,1620,630,28.000000000000004,Individual,Card
ORD0320,2026-07-21,File,Office,5,18,35,175,90,85,48.57142857142857,Student,Card
ORD0584,2026-07-21,Notebook,Paper,2,35,60,120,70,50,41.66666666666667,Individual,UPI
ORD1140,2026-07-21,Pencil,Writing,5,4,8,40,20,20,50.0,Individual,UPI
ORD1292,2026-07-21,Glue,School,6,15,25,150,90,60,40.0,Individual,Card
ORD1132,2026-07-22,Glue,School,2,15,25,50,30,20,40.0,Student,Card
ORD1818,2026-07-22,Calculator,Office,3,180,300,900,540,360,40.0,Business,UPI
ORD0948,2026-07-22,Calculator,Office,8,180,300,2400,1440,960,40.0,Business,UPI
ORD0167,2026-07-22,Scissors,Office,9,25,45,405,225,180,44.44444444444444,Business,UPI
ORD0137,2026-07-22,Ball Pen,Writing,3,5,10,30,15,15,50.0,Individual,UPI
ORD1224,2026-07-22,Pencil,Writing,7,4,8,56,28,28,50.0,Business,Cash
ORD1048,2026-07-22,Gel Pen,Writing,8,10,20,160,80,80,50.0,Student,Card
ORD1591,2026-07-22,Calculator,Office,2,180,300,600,360,240,40.0,Student,UPI
ORD0931,2026-07-22,Ball Pen,Writing,1,5,10,10,5,5,50.0,Business,Card
ORD1990,2026-07-22,Notebook,Paper,2,35,60,120,70,50,41.66666666666667,Student,Cash
ORD1716,2026-07-22,Eraser,School,6,3,7,42,18,24,57.14285714285714,Individual,Card
ORD0363,2026-07-23,Scissors,Office,1,25,45,45,25,20,44.44444444444444,Individual,UPI
ORD0250,2026-07-23,Gel Pen,Writing,5,10,20,100,50,50,50.0,Individual,UPI
ORD1270,2026-07-23,Drawing Book,School,6,30,50,300,180,120,40.0,Student,Card
ORD0274,2026-07-23,Gel Pen,Writing,8,10,20,160,80,80,50.0,Student,Card
ORD0083,2026-07-23,File,Office,9,18,35,315,162,153,48.57142857142857,Business,UPI
ORD0646,2026-07-23,Marker,Writing,10,20,35,350,200,150,42.857142857142854,Individual,UPI
ORD1075,2026-07-23,File,Office,1,18,35,35,18,17,48.57142857142857,Business,Card
ORD0068,2026-07-24,Notebook,Paper,5,35,60,300,175,125,41.66666666666667,Individual,Card
ORD0002,2026-07-24,Notebook,Paper,4,35,60,240,140,100,41.66666666666667,Individual,UPI
ORD0018,2026-07-24,Stapler,Office,2,45,75,150,90,60,40.0,Business,UPI
ORD1434,2026-07-24,Drawing Book,School,1,30,50,50,30,20,40.0,Individual,Card
ORD2000,2026-07-24,Marker,Writing,1,20,35,35,20,15,42.857142857142854,Student,Cash
ORD1257,2026-07-24,Marker,Writing,8,20,35,280,160,120,42.857142857142854,Individual,Card
ORD0759,2026-07-24,Drawing Book,School,5,30,50,250,150,100,40.0,Individual,Card
ORD1253,2026-07-25,Scissors,Office,1,25,45,45,25,20,44.44444444444444,Student,Cash
ORD1532,2026-07-25,Stapler,Office,9,45,75,675,405,270,40.0,Business,Card
ORD1964,2026-07-25,Calculator,Office,8,180,300,2400,1440,960,40.0,Individual,Cash
ORD1398,2026-07-25,Stapler,Office,3,45,75,225,135,90,40.0,Business,Card
ORD0264,2026-07-25,File,Office,3,18,35,105,54,51,48.57142857142857,Student,Cash
ORD1307,2026-07-25,Stapler,Office,4,45,75,300,180,120,40.0,Business,Card
ORD0039,2026-07-25,Marker,Writing,2,20,35,70,40,30,42.857142857142854,Individual,Cash
ORD0864,2026-07-25,Calculator,Office,8,180,300,2400,1440,960,40.0,Individual,Cash
ORD1359,2026-07-26,Calculator,Office,7,180,300,2100,1260,840,40.0,Student,Cash
ORD1286,2026-07-26,File,Office,10,18,35,350,180,170,48.57142857142857,Individual,UPI
ORD0737,2026-07-26,Glue,School,2,15,25,50,30,20,40.0,Business,Card
ORD1273,2026-07-26,Highlighter,Writing,10,20,35,350,200,150,42.857142857142854,Student,Cash
ORD1820,2026-07-26,A4 Sheets,Paper,4,180,250,1000,720,280,28.000000000000004,Student,UPI
ORD1625,2026-07-26,Notebook,Paper,10,35,60,600,350,250,41.66666666666667,Individual,UPI
ORD0078,2026-07-26,Eraser,School,10,3,7,70,30,40,57.14285714285714,Student,Cash
ORD0956,2026-07-26,Ball Pen,Writing,6,5,10,60,30,30,50.0,Student,UPI
ORD1346,2026-07-26,Gel Pen,Writing,5,10,20,100,50,50,50.0,Business,Cash
ORD1138,2026-07-27,Scissors,Office,2,25,45,90,50,40,44.44444444444444,Business,Card
ORD0801,2026-07-27,Notebook,Paper,7,35,60,420,245,175,41.66666666666667,Business,Card
ORD1442,2026-07-27,Pencil,Writing,1,4,8,8,4,4,50.0,Business,Cash
ORD0947,2026-07-27,Notebook,Paper,10,35,60,600,350,250,41.66666666666667,Business,Card
ORD0976,2026-07-27,Marker,Writing,7,20,35,245,140,105,42.857142857142854,Student,Card
ORD0479,2026-07-27,Ball Pen,Writing,6,5,10,60,30,30,50.0,Student,UPI
ORD1888,2026-07-27,Eraser,School,5,3,7,35,15,20,57.14285714285714,Student,UPI
ORD0990,2026-07-27,A4 Sheets,Paper,1,180,250,250,180,70,28.000000000000004,Student,Cash
ORD1258,2026-07-27,Glue,School,3,15,25,75,45,30,40.0,Individual,Cash
ORD0493,2026-07-27,Marker,Writing,3,20,35,105,60,45,42.857142857142854,Business,Cash
ORD1966,2026-07-27,Ball Pen,Writing,8,5,10,80,40,40,50.0,Student,Card
ORD0469,2026-07-28,Ball Pen,Writing,4,5,10,40,20,20,50.0,Student,Card
ORD1797,2026-07-28,Eraser,School,8,3,7,56,24,32,57.14285714285714,Student,Cash
ORD0854,2026-07-28,Color Pencils,School,7,45,80,560,315,245,43.75,Student,UPI
ORD1468,2026-07-28,Ball Pen,Writing,4,5,10,40,20,20,50.0,Individual,Card
ORD0566,2026-07-28,Glue,School,6,15,25,150,90,60,40.0,Student,Card
ORD1319,2026-07-28,Eraser,School,6,3,7,42,18,24,57.14285714285714,Student,Cash
ORD1660,2026-07-28,Ball Pen,Writing,4,5,10,40,20,20,50.0,Student,UPI
ORD1583,2026-07-28,File,Office,5,18,35,175,90,85,48.57142857142857,Student,Cash
ORD1289,2026-07-28,Eraser,School,4,3,7,28,12,16,57.14285714285714,Student,UPI
ORD1256,2026-07-28,Glue,School,3,15,25,75,45,30,40.0,Business,UPI
ORD1963,2026-07-28,Stapler,Office,7,45,75,525,315,210,40.0,Business,Cash
ORD0662,2026-07-29,Scissors,Office,3,25,45,135,75,60,44.44444444444444,Business,Card
ORD0958,2026-07-29,Scissors,Office,8,25,45,360,200,160,44.44444444444444,Individual,UPI
ORD0159,2026-07-29,Glue,School,7,15,25,175,105,70,40.0,Student,Cash
ORD0205,2026-07-29,Glue,School,2,15,25,50,30,20,40.0,Business,Cash
ORD0571,2026-07-29,File,Office,1,18,35,35,18,17,48.57142857142857,Business,UPI
ORD1390,2026-07-29,Highlighter,Writing,4,20,35,140,80,60,42.857142857142854,Business,Card
ORD0824,2026-07-29,Gel Pen,Writing,7,10,20,140,70,70,50.0,Student,Card
ORD0580,2026-07-29,Marker,Writing,1,20,35,35,20,15,42.857142857142854,Individual,Card
ORD0256,2026-07-29,Eraser,School,2,3,7,14,6,8,57.14285714285714,Individual,Cash
ORD0906,2026-07-30,Color Pencils,School,7,45,80,560,315,245,43.75,Individual,Card
ORD1549,2026-07-30,Marker,Writing,4,20,35,140,80,60,42.857142857142854,Student,Cash
ORD1230,2026-07-30,Marker,Writing,1,20,35,35,20,15,42.857142857142854,Student,Card
ORD0069,2026-07-30,Gel Pen,Writing,9,10,20,180,90,90,50.0,Student,UPI
ORD0422,2026-07-30,Drawing Book,School,7,30,50,350,210,140,40.0,Student,UPI
ORD1999,2026-07-30,Calculator,Office,5,180,300,1500,900,600,40.0,Business,UPI
ORD0383,2026-07-31,Scissors,Office,9,25,45,405,225,180,44.44444444444444,Individual,Cash
ORD1293,2026-07-31,Stapler,Office,9,45,75,675,405,270,40.0,Individual,UPI
ORD0652,2026-07-31,Ball Pen,Writing,1,5,10,10,5,5,50.0,Student,UPI
ORD1382,2026-07-31,Eraser,School,1,3,7,7,3,4,57.14285714285714,Business,UPI
ORD0537,2026-07-31,Calculator,Office,1,180,300,300,180,120,40.0,Student,UPI
ORD1421,2026-07-31,A4 Sheets,Paper,4,180,250,1000,720,280,28.000000000000004,Student,Card
ORD0375,2026-07-31,Marker,Writing,4,20,35,140,80,60,42.857142857142854,Student,Card
ORD0591,2026-07-31,Drawing Book,School,2,30,50,100,60,40,40.0,Individual,Cash
ORD1107,2026-07-31,Notebook,Paper,4,35,60,240,140,100,41.66666666666667,Business,Card
ORD1702,2026-07-31,Marker,Writing,6,20,35,210,120,90,42.857142857142854,Student,Cash
ORD1579,2026-07-31,Notebook,Paper,9,35,60,540,315,225,41.66666666666667,Individual,Card
ORD1971,2026-07-31,Stapler,Office,5,45,75,375,225,150,40.0,Student,Cash
ORD0073,2026-08-01,Gel Pen,Writing,9,10,20,180,90,90,50.0,Business,UPI
ORD0611,2026-08-01,Calculator,Office,4,180,300,1200,720,480,40.0,Business,UPI
ORD0561,2026-08-01,Ball Pen,Writing,4,5,10,40,20,20,50.0,Student,UPI
ORD0532,2026-08-01,Eraser,School,7,3,7,49,21,28,57.14285714285714,Individual,UPI
ORD1874,2026-08-01,Highlighter,Writing,5,20,35,175,100,75,42.857142857142854,Individual,Cash
ORD1055,2026-08-01,A4 Sheets,Paper,9,180,250,2250,1620,630,28.000000000000004,Business,Cash
ORD1061,2026-08-01,Drawing Book,School,7,30,50,350,210,140,40.0,Student,Cash
ORD0834,2026-08-01,Marker,Writing,9,20,35,315,180,135,42.857142857142854,Business,Card
ORD0196,2026-08-02,Marker,Writing,7,20,35,245,140,105,42.857142857142854,Individual,UPI
ORD0402,2026-08-02,Ball Pen,Writing,10,5,10,100,50,50,50.0,Business,UPI
ORD0594,2026-08-02,Color Pencils,School,8,45,80,640,360,280,43.75,Individual,Cash
ORD1012,2026-08-02,Stapler,Office,3,45,75,225,135,90,40.0,Student,Card
ORD1665,2026-08-02,Drawing Book,School,5,30,50,250,150,100,40.0,Business,Cash
ORD1249,2026-08-02,Notebook,Paper,9,35,60,540,315,225,41.66666666666667,Individual,UPI
ORD1447,2026-08-02,Marker,Writing,4,20,35,140,80,60,42.857142857142854,Student,UPI
ORD0480,2026-08-03,Calculator,Office,8,180,300,2400,1440,960,40.0,Student,Cash
ORD1051,2026-08-03,File,Office,7,18,35,245,126,119,48.57142857142857,Student,UPI
ORD1157,2026-08-03,Gel Pen,Writing,10,10,20,200,100,100,50.0,Individual,Cash
ORD1872,2026-08-03,Scissors,Office,10,25,45,450,250,200,44.44444444444444,Business,Cash
ORD1345,2026-08-04,Ball Pen,Writing,5,5,10,50,25,25,50.0,Individual,Cash
ORD1753,2026-08-04,Pencil,Writing,10,4,8,80,40,40,50.0,Student,UPI
ORD1287,2026-08-04,Scissors,Office,10,25,45,450,250,200,44.44444444444444,Business,Card
ORD1449,2026-08-04,Notebook,Paper,7,35,60,420,245,175,41.66666666666667,Business,Cash
ORD1693,2026-08-04,Pencil,Writing,3,4,8,24,12,12,50.0,Student,Cash
ORD1547,2026-08-04,Gel Pen,Writing,1,10,20,20,10,10,50.0,Student,Card
ORD0557,2026-08-04,Gel Pen,Writing,8,10,20,160,80,80,50.0,Business,Card
ORD0885,2026-08-05,Scissors,Office,3,25,45,135,75,60,44.44444444444444,Individual,UPI
ORD0287,2026-08-05,File,Office,1,18,35,35,18,17,48.57142857142857,Business,Cash
ORD1380,2026-08-05,Color Pencils,School,2,45,80,160,90,70,43.75,Business,Card
ORD0932,2026-08-05,Calculator,Office,7,180,300,2100,1260,840,40.0,Individual,Cash
ORD0344,2026-08-05,Drawing Book,School,9,30,50,450,270,180,40.0,Business,UPI
ORD0599,2026-08-05,Eraser,School,10,3,7,70,30,40,57.14285714285714,Business,UPI
ORD1397,2026-08-05,Notebook,Paper,4,35,60,240,140,100,41.66666666666667,Individual,Card
ORD0130,2026-08-05,Eraser,School,10,3,7,70,30,40,57.14285714285714,Business,UPI
ORD1955,2026-08-05,Color Pencils,School,7,45,80,560,315,245,43.75,Individual,Card
ORD0129,2026-08-05,A4 Sheets,Paper,10,180,250,2500,1800,700,28.000000000000004,Business,Cash
ORD1867,2026-08-05,Highlighter,Writing,7,20,35,245,140,105,42.857142857142854,Individual,Cash
ORD1321,2026-08-05,Stapler,Office,3,45,75,225,135,90,40.0,Student,UPI
ORD1695,2026-08-05,Ball Pen,Writing,1,5,10,10,5,5,50.0,Individual,Card
ORD0694,2026-08-06,Pencil,Writing,2,4,8,16,8,8,50.0,Student,Card
ORD1873,2026-08-06,A4 Sheets,Paper,2,180,250,500,360,140,28.000000000000004,Business,Card
ORD0701,2026-08-06,Gel Pen,Writing,5,10,20,100,50,50,50.0,Student,Card
ORD1626,2026-08-06,Marker,Writing,5,20,35,175,100,75,42.857142857142854,Student,Card
ORD0241,2026-08-07,Notebook,Paper,1,35,60,60,35,25,41.66666666666667,Individual,Card
ORD0886,2026-08-07,Highlighter,Writing,1,20,35,35,20,15,42.857142857142854,Individual,UPI
ORD0236,2026-08-07,Notebook,Paper,8,35,60,480,280,200,41.66666666666667,Individual,UPI
ORD0572,2026-08-07,Scissors,Office,8,25,45,360,200,160,44.44444444444444,Business,Cash
ORD0865,2026-08-07,Color Pencils,School,3,45,80,240,135,105,43.75,Business,UPI
ORD1906,2026-08-07,Drawing Book,School,10,30,50,500,300,200,40.0,Business,Card
ORD1067,2026-08-07,A4 Sheets,Paper,8,180,250,2000,1440,560,28.000000000000004,Business,Card
ORD1097,2026-08-07,Highlighter,Writing,6,20,35,210,120,90,42.857142857142854,Individual,UPI
ORD0063,2026-08-07,Ball Pen,Writing,1,5,10,10,5,5,50.0,Individual,UPI
ORD0157,2026-08-07,File,Office,6,18,35,210,108,102,48.57142857142857,Individual,Cash
ORD0413,2026-08-07,Scissors,Office,5,25,45,225,125,100,44.44444444444444,Business,Cash
ORD1173,2026-08-07,Gel Pen,Writing,8,10,20,160,80,80,50.0,Individual,Cash
ORD0959,2026-08-08,Pencil,Writing,4,4,8,32,16,16,50.0,Individual,Card
ORD1125,2026-08-08,Pencil,Writing,1,4,8,8,4,4,50.0,Business,Card
ORD1278,2026-08-08,Pencil,Writing,2,4,8,16,8,8,50.0,Student,UPI
ORD0625,2026-08-08,Calculator,Office,8,180,300,2400,1440,960,40.0,Student,UPI
ORD1863,2026-08-08,Stapler,Office,8,45,75,600,360,240,40.0,Student,Card
ORD1070,2026-08-08,Color Pencils,School,4,45,80,320,180,140,43.75,Business,Card
ORD0935,2026-08-08,Highlighter,Writing,1,20,35,35,20,15,42.857142857142854,Business,UPI
ORD0186,2026-08-09,Gel Pen,Writing,1,10,20,20,10,10,50.0,Individual,UPI
ORD0873,2026-08-09,Stapler,Office,9,45,75,675,405,270,40.0,Student,Cash
ORD1731,2026-08-09,Marker,Writing,5,20,35,175,100,75,42.857142857142854,Individual,Cash
ORD1250,2026-08-09,Ball Pen,Writing,8,5,10,80,40,40,50.0,Individual,UPI
ORD1654,2026-08-09,Stapler,Office,6,45,75,450,270,180,40.0,Student,Cash
ORD1802,2026-08-09,Scissors,Office,1,25,45,45,25,20,44.44444444444444,Business,UPI
ORD0120,2026-08-09,Scissors,Office,9,25,45,405,225,180,44.44444444444444,Student,Cash
ORD1045,2026-08-09,Drawing Book,School,10,30,50,500,300,200,40.0,Individual,Cash
ORD0872,2026-08-10,Ball Pen,Writing,3,5,10,30,15,15,50.0,Individual,UPI
ORD0245,2026-08-10,File,Office,2,18,35,70,36,34,48.57142857142857,Business,Cash
ORD1275,2026-08-10,Drawing Book,School,9,30,50,450,270,180,40.0,Student,UPI
ORD1804,2026-08-10,Calculator,Office,7,180,300,2100,1260,840,40.0,Student,Card
ORD1313,2026-08-10,Marker,Writing,3,20,35,105,60,45,42.857142857142854,Individual,UPI
ORD1558,2026-08-10,Stapler,Office,7,45,75,525,315,210,40.0,Student,Cash
ORD1389,2026-08-11,Eraser,School,1,3,7,7,3,4,57.14285714285714,Individual,Card
ORD0188,2026-08-11,Ball Pen,Writing,7,5,10,70,35,35,50.0,Student,Cash
ORD0552,2026-08-11,File,Office,2,18,35,70,36,34,48.57142857142857,Business,Card
ORD0814,2026-08-12,Eraser,School,9,3,7,63,27,36,57.14285714285714,Business,UPI
ORD0507,2026-08-12,Marker,Writing,7,20,35,245,140,105,42.857142857142854,Student,Card
ORD1647,2026-08-12,Gel Pen,Writing,2,10,20,40,20,20,50.0,Individual,Cash
ORD1176,2026-08-12,Notebook,Paper,10,35,60,600,350,250,41.66666666666667,Business,Cash
ORD0622,2026-08-12,Pencil,Writing,3,4,8,24,12,12,50.0,Business,UPI
ORD1630,2026-08-12,Color Pencils,School,6,45,80,480,270,210,43.75,Student,Cash
ORD0898,2026-08-12,Ball Pen,Writing,10,5,10,100,50,50,50.0,Business,UPI
ORD0941,2026-08-12,Scissors,Office,2,25,45,90,50,40,44.44444444444444,Student,UPI
ORD1771,2026-08-13,Calculator,Office,10,180,300,3000,1800,1200,40.0,Business,UPI
ORD1471,2026-08-13,Eraser,School,2,3,7,14,6,8,57.14285714285714,Student,UPI
ORD1657,2026-08-13,Stapler,Office,2,45,75,150,90,60,40.0,Business,Cash
ORD0725,2026-08-13,Eraser,School,5,3,7,35,15,20,57.14285714285714,Individual,UPI
ORD0691,2026-08-14,Drawing Book,School,2,30,50,100,60,40,40.0,Student,Cash
ORD0015,2026-08-14,Ball Pen,Writing,7,5,10,70,35,35,50.0,Individual,Cash
ORD0224,2026-08-14,Marker,Writing,10,20,35,350,200,150,42.857142857142854,Individual,UPI
ORD1508,2026-08-14,Stapler,Office,7,45,75,525,315,210,40.0,Student,Card
ORD0134,2026-08-14,Marker,Writing,8,20,35,280,160,120,42.857142857142854,Individual,Cash
ORD1350,2026-08-14,A4 Sheets,Paper,7,180,250,1750,1260,490,28.000000000000004,Individual,Card
ORD1685,2026-08-14,Drawing Book,School,9,30,50,450,270,180,40.0,Individual,Card
ORD1201,2026-08-15,Notebook,Paper,9,35,60,540,315,225,41.66666666666667,Student,Card
ORD0835,2026-08-15,Glue,School,9,15,25,225,135,90,40.0,Business,Card
ORD0987,2026-08-15,Scissors,Office,10,25,45,450,250,200,44.44444444444444,Student,Cash
ORD1590,2026-08-15,Drawing Book,School,4,30,50,200,120,80,40.0,Individual,Cash
ORD1931,2026-08-15,Notebook,Paper,10,35,60,600,350,250,41.66666666666667,Student,Cash
ORD1756,2026-08-15,Stapler,Office,10,45,75,750,450,300,40.0,Student,UPI
ORD0755,2026-08-15,Ball Pen,Writing,7,5,10,70,35,35,50.0,Business,Cash
ORD0534,2026-08-15,Pencil,Writing,5,4,8,40,20,20,50.0,Individual,UPI
ORD0547,2026-08-15,Glue,School,4,15,25,100,60,40,40.0,Individual,Cash
ORD0570,2026-08-15,Glue,School,3,15,25,75,45,30,40.0,Individual,Card
ORD1542,2026-08-16,Color Pencils,School,5,45,80,400,225,175,43.75,Individual,Cash
ORD0957,2026-08-16,Scissors,Office,2,25,45,90,50,40,44.44444444444444,Student,Cash
ORD0213,2026-08-16,Ball Pen,Writing,1,5,10,10,5,5,50.0,Student,Cash
ORD0329,2026-08-16,Color Pencils,School,5,45,80,400,225,175,43.75,Business,Cash
ORD0637,2026-08-16,Glue,School,6,15,25,150,90,60,40.0,Individual,UPI
ORD1909,2026-08-16,A4 Sheets,Paper,10,180,250,2500,1800,700,28.000000000000004,Individual,UPI
ORD1635,2026-08-16,Marker,Writing,4,20,35,140,80,60,42.857142857142854,Business,UPI
ORD1334,2026-08-16,Gel Pen,Writing,10,10,20,200,100,100,50.0,Business,UPI
ORD0017,2026-08-16,Eraser,School,3,3,7,21,9,12,57.14285714285714,Business,Cash
ORD0974,2026-08-16,Drawing Book,School,3,30,50,150,90,60,40.0,Student,Cash
ORD1878,2026-08-17,Marker,Writing,10,20,35,350,200,150,42.857142857142854,Student,Cash
ORD0061,2026-08-17,Glue,School,8,15,25,200,120,80,40.0,Student,UPI
ORD0156,2026-08-17,Ball Pen,Writing,2,5,10,20,10,10,50.0,Student,UPI
ORD0983,2026-08-17,Glue,School,1,15,25,25,15,10,40.0,Student,Card
ORD0003,2026-08-17,Color Pencils,School,8,45,80,640,360,280,43.75,Individual,UPI
ORD0647,2026-08-17,Drawing Book,School,9,30,50,450,270,180,40.0,Student,UPI
ORD1470,2026-08-17,Highlighter,Writing,2,20,35,70,40,30,42.857142857142854,Student,UPI
ORD0520,2026-08-17,Scissors,Office,7,25,45,315,175,140,44.44444444444444,Business,Cash
ORD1899,2026-08-17,A4 Sheets,Paper,6,180,250,1500,1080,420,28.000000000000004,Individual,Cash
ORD1640,2026-08-18,File,Office,10,18,35,350,180,170,48.57142857142857,Individual,Cash
ORD0304,2026-08-18,File,Office,5,18,35,175,90,85,48.57142857142857,Business,Card
ORD0499,2026-08-18,Ball Pen,Writing,7,5,10,70,35,35,50.0,Student,Card
ORD0326,2026-08-18,Eraser,School,1,3,7,7,3,4,57.14285714285714,Student,UPI
ORD1837,2026-08-18,File,Office,9,18,35,315,162,153,48.57142857142857,Business,UPI
ORD1721,2026-08-19,Drawing Book,School,5,30,50,250,150,100,40.0,Student,Cash
ORD0339,2026-08-19,Color Pencils,School,10,45,80,800,450,350,43.75,Business,UPI
ORD0104,2026-08-19,Eraser,School,8,3,7,56,24,32,57.14285714285714,Student,Cash
ORD0658,2026-08-19,Ball Pen,Writing,4,5,10,40,20,20,50.0,Student,Cash
ORD0609,2026-08-19,Color Pencils,School,4,45,80,320,180,140,43.75,Individual,UPI
ORD1831,2026-08-19,Notebook,Paper,8,35,60,480,280,200,41.66666666666667,Student,UPI
ORD1989,2026-08-19,Glue,School,6,15,25,150,90,60,40.0,Individual,UPI
ORD0258,2026-08-19,File,Office,6,18,35,210,108,102,48.57142857142857,Student,Cash
ORD0613,2026-08-20,Marker,Writing,5,20,35,175,100,75,42.857142857142854,Student,Card
ORD0048,2026-08-20,Scissors,Office,7,25,45,315,175,140,44.44444444444444,Business,Cash
ORD0050,2026-08-20,Stapler,Office,7,45,75,525,315,210,40.0,Individual,Cash
ORD1531,2026-08-20,Ball Pen,Writing,2,5,10,20,10,10,50.0,Student,Cash
ORD0857,2026-08-20,Ball Pen,Writing,9,5,10,90,45,45,50.0,Individual,Card
ORD1206,2026-08-20,Notebook,Paper,3,35,60,180,105,75,41.66666666666667,Student,Card
ORD0481,2026-08-20,Highlighter,Writing,9,20,35,315,180,135,42.857142857142854,Student,Card
ORD1378,2026-08-20,Notebook,Paper,10,35,60,600,350,250,41.66666666666667,Student,Card
ORD1612,2026-08-20,Stapler,Office,10,45,75,750,450,300,40.0,Individual,Cash
ORD0371,2026-08-20,Pencil,Writing,10,4,8,80,40,40,50.0,Business,Card
ORD0925,2026-08-20,Calculator,Office,1,180,300,300,180,120,40.0,Business,Card
ORD1032,2026-08-21,Notebook,Paper,9,35,60,540,315,225,41.66666666666667,Student,Cash
ORD0667,2026-08-21,File,Office,6,18,35,210,108,102,48.57142857142857,Student,Cash
ORD1495,2026-08-21,Highlighter,Writing,1,20,35,35,20,15,42.857142857142854,Business,UPI
ORD0782,2026-08-21,Glue,School,3,15,25,75,45,30,40.0,Individual,UPI
ORD1502,2026-08-21,Ball Pen,Writing,8,5,10,80,40,40,50.0,Business,Cash
ORD0624,2026-08-21,Eraser,School,10,3,7,70,30,40,57.14285714285714,Business,Cash
ORD0503,2026-08-21,Marker,Writing,4,20,35,140,80,60,42.857142857142854,Student,UPI
ORD0471,2026-08-21,Calculator,Office,4,180,300,1200,720,480,40.0,Student,Cash
ORD0606,2026-08-21,Scissors,Office,6,25,45,270,150,120,44.44444444444444,Student,UPI
ORD0831,2026-08-21,File,Office,8,18,35,280,144,136,48.57142857142857,Individual,Card
ORD0029,2026-08-21,Eraser,School,3,3,7,21,9,12,57.14285714285714,Student,Card
ORD1408,2026-08-21,A4 Sheets,Paper,2,180,250,500,360,140,28.000000000000004,Business,UPI
ORD1155,2026-08-21,Drawing Book,School,9,30,50,450,270,180,40.0,Individual,Card
ORD0812,2026-08-21,Ball Pen,Writing,6,5,10,60,30,30,50.0,Individual,Cash
ORD0394,2026-08-22,Scissors,Office,2,25,45,90,50,40,44.44444444444444,Student,Card
ORD1214,2026-08-22,Color Pencils,School,7,45,80,560,315,245,43.75,Individual,Card
ORD0718,2026-08-22,Gel Pen,Writing,5,10,20,100,50,50,50.0,Individual,Card
ORD0709,2026-08-22,Stapler,Office,9,45,75,675,405,270,40.0,Student,UPI
ORD0418,2026-08-22,Stapler,Office,1,45,75,75,45,30,40.0,Student,UPI
ORD0790,2026-08-22,Color Pencils,School,7,45,80,560,315,245,43.75,Student,Cash
ORD1545,2026-08-22,Glue,School,3,15,25,75,45,30,40.0,Individual,Cash
ORD1410,2026-08-23,Color Pencils,School,10,45,80,800,450,350,43.75,Student,Cash
ORD0240,2026-08-23,Highlighter,Writing,4,20,35,140,80,60,42.857142857142854,Individual,Card
ORD1573,2026-08-23,Pencil,Writing,10,4,8,80,40,40,50.0,Student,UPI
ORD0888,2026-08-23,Eraser,School,4,3,7,28,12,16,57.14285714285714,Business,UPI
ORD0779,2026-08-23,Glue,School,2,15,25,50,30,20,40.0,Student,Cash
ORD1634,2026-08-23,Highlighter,Writing,8,20,35,280,160,120,42.857142857142854,Individual,Card
ORD1919,2026-08-23,Drawing Book,School,2,30,50,100,60,40,40.0,Student,UPI
ORD1543,2026-08-23,Drawing Book,School,3,30,50,150,90,60,40.0,Individual,Cash
ORD0900,2026-08-24,Scissors,Office,2,25,45,90,50,40,44.44444444444444,Individual,Card
ORD1091,2026-08-24,Highlighter,Writing,10,20,35,350,200,150,42.857142857142854,Student,Cash
ORD0723,2026-08-24,File,Office,2,18,35,70,36,34,48.57142857142857,Business,Cash
ORD0309,2026-08-24,Calculator,Office,5,180,300,1500,900,600,40.0,Student,Card
ORD1227,2026-08-24,File,Office,3,18,35,105,54,51,48.57142857142857,Student,Cash
ORD0698,2026-08-24,Pencil,Writing,3,4,8,24,12,12,50.0,Individual,Cash
ORD1235,2026-08-24,Drawing Book,School,5,30,50,250,150,100,40.0,Business,Card
ORD0798,2026-08-24,Highlighter,Writing,6,20,35,210,120,90,42.857142857142854,Individual,UPI
ORD0588,2026-08-24,Scissors,Office,3,25,45,135,75,60,44.44444444444444,Individual,UPI
ORD1585,2026-08-25,File,Office,7,18,35,245,126,119,48.57142857142857,Individual,UPI
ORD1925,2026-08-25,Gel Pen,Writing,6,10,20,120,60,60,50.0,Student,Card
ORD0538,2026-08-25,Marker,Writing,8,20,35,280,160,120,42.857142857142854,Individual,Card
ORD0059,2026-08-25,Eraser,School,7,3,7,49,21,28,57.14285714285714,Individual,UPI
ORD0391,2026-08-25,Glue,School,7,15,25,175,105,70,40.0,Business,Card
ORD1208,2026-08-25,Calculator,Office,6,180,300,1800,1080,720,40.0,Individual,Card
ORD1415,2026-08-25,Drawing Book,School,9,30,50,450,270,180,40.0,Individual,UPI
ORD1277,2026-08-25,Drawing Book,School,7,30,50,350,210,140,40.0,Business,Cash
ORD1388,2026-08-26,Calculator,Office,4,180,300,1200,720,480,40.0,Individual,UPI
ORD1038,2026-08-26,Drawing Book,School,2,30,50,100,60,40,40.0,Business,UPI
ORD1519,2026-08-26,Ball Pen,Writing,7,5,10,70,35,35,50.0,Individual,Card
ORD1755,2026-08-26,Gel Pen,Writing,8,10,20,160,80,80,50.0,Business,UPI
ORD0210,2026-08-26,Calculator,Office,5,180,300,1500,900,600,40.0,Business,Cash
ORD0740,2026-08-26,Gel Pen,Writing,7,10,20,140,70,70,50.0,Student,UPI
ORD0414,2026-08-27,A4 Sheets,Paper,10,180,250,2500,1800,700,28.000000000000004,Individual,UPI
ORD1406,2026-08-27,A4 Sheets,Paper,9,180,250,2250,1620,630,28.000000000000004,Individual,Card
ORD1736,2026-08-27,Highlighter,Writing,5,20,35,175,100,75,42.857142857142854,Business,UPI
ORD1215,2026-08-27,Stapler,Office,1,45,75,75,45,30,40.0,Individual,Card
ORD0459,2026-08-27,Highlighter,Writing,8,20,35,280,160,120,42.857142857142854,Individual,Card
ORD0687,2026-08-27,Pencil,Writing,3,4,8,24,12,12,50.0,Individual,Cash
ORD0583,2026-08-27,Scissors,Office,1,25,45,45,25,20,44.44444444444444,Business,Cash
ORD1606,2026-08-28,Calculator,Office,6,180,300,1800,1080,720,40.0,Individual,Card
ORD1605,2026-08-28,Ball Pen,Writing,2,5,10,20,10,10,50.0,Individual,Card
ORD1010,2026-08-28,Calculator,Office,3,180,300,900,540,360,40.0,Student,UPI
ORD0508,2026-08-28,Scissors,Office,10,25,45,450,250,200,44.44444444444444,Individual,Cash
ORD0444,2026-08-28,Notebook,Paper,7,35,60,420,245,175,41.66666666666667,Individual,UPI
ORD1700,2026-08-28,Eraser,School,1,3,7,7,3,4,57.14285714285714,Individual,Card
ORD0764,2026-08-28,Eraser,School,6,3,7,42,18,24,57.14285714285714,Student,UPI
ORD0425,2026-08-28,Highlighter,Writing,8,20,35,280,160,120,42.857142857142854,Student,Card
ORD1004,2026-08-28,Ball Pen,Writing,7,5,10,70,35,35,50.0,Business,Cash
ORD0789,2026-08-28,Gel Pen,Writing,5,10,20,100,50,50,50.0,Student,Card
ORD0151,2026-08-29,Pencil,Writing,4,4,8,32,16,16,50.0,Business,Cash
ORD0335,2026-08-29,Gel Pen,Writing,6,10,20,120,60,60,50.0,Individual,UPI
ORD0924,2026-08-29,Marker,Writing,1,20,35,35,20,15,42.857142857142854,Individual,Card
ORD1758,2026-08-29,Eraser,School,4,3,7,28,12,16,57.14285714285714,Business,UPI
ORD0695,2026-08-29,Gel Pen,Writing,10,10,20,200,100,100,50.0,Individual,Card
ORD0114,2026-08-30,Gel Pen,Writing,4,10,20,80,40,40,50.0,Business,Card
ORD0176,2026-08-30,Gel Pen,Writing,4,10,20,80,40,40,50.0,Business,UPI
ORD0342,2026-08-30,Stapler,Office,7,45,75,525,315,210,40.0,Student,Cash
ORD1376,2026-08-30,Pencil,Writing,7,4,8,56,28,28,50.0,Individual,Card
ORD0381,2026-08-30,Pencil,Writing,2,4,8,16,8,8,50.0,Business,Card
ORD0302,2026-08-30,Calculator,Office,7,180,300,2100,1260,840,40.0,Student,Cash
ORD0178,2026-08-30,Color Pencils,School,5,45,80,400,225,175,43.75,Student,Card
ORD1174,2026-08-30,Notebook,Paper,9,35,60,540,315,225,41.66666666666667,Individual,UPI
ORD0656,2026-08-30,Eraser,School,3,3,7,21,9,12,57.14285714285714,Individual,UPI
ORD0055,2026-08-30,Glue,School,7,15,25,175,105,70,40.0,Student,UPI
ORD1586,2026-08-30,Scissors,Office,10,25,45,450,250,200,44.44444444444444,Individual,Card
ORD0451,2026-08-31,Ball Pen,Writing,4,5,10,40,20,20,50.0,Business,Card
ORD0447,2026-08-31,File,Office,7,18,35,245,126,119,48.57142857142857,Business,UPI
ORD1865,2026-08-31,Highlighter,Writing,2,20,35,70,40,30,42.857142857142854,Student,Card
ORD1403,2026-08-31,Color Pencils,School,5,45,80,400,225,175,43.75,Individual,Cash
ORD1122,2026-08-31,Glue,School,5,15,25,125,75,50,40.0,Individual,Card
ORD0954,2026-08-31,Glue,School,9,15,25,225,135,90,40.0,Student,UPI
ORD0211,2026-08-31,Eraser,School,3,3,7,21,9,12,57.14285714285714,Business,Cash
ORD1783,2026-08-31,Eraser,School,6,3,7,42,18,24,57.14285714285714,Business,Card
ORD1094,2026-08-31,Notebook,Paper,4,35,60,240,140,100,41.66666666666667,Business,UPI
